State,District,Theft_2017,Theft_2018,Theft_2019,RegisteredUsers_2017,RegisteredUsers_2018,TransactionVolume_2018,RegisteredUsers_2019,TransactionVolume_2019,Population_2011,size_group
Andhra Pradesh,Anantapur,455.0,370.0,422.0,241192.0,612162.0,5677293.0,971850.0,19124004.0,4081148.0,4.0
Andhra Pradesh,Chittoor,998.0,801.0,909.0,309541.0,812314.0,7479677.0,1270907.0,31918890.0,4174064.0,4.0
Andhra Pradesh,East Godavari,960.0,763.0,794.0,350356.0,839277.0,8445281.0,1329664.0,25962449.0,5154296.0,4.0
Andhra Pradesh,Guntur,1453.0,1202.0,1327.0,317065.0,802394.0,6363182.0,1289678.0,26555462.0,4887813.0,4.0
Andhra Pradesh,Krishna,3291.0,2545.0,2425.0,323673.0,833694.0,7325017.0,1331602.0,32000329.0,4517398.0,4.0
Andhra Pradesh,Kurnool,489.0,386.0,398.0,240133.0,599422.0,7077781.0,936293.0,20230348.0,4053463.0,4.0
Andhra Pradesh,Prakasam,518.0,540.0,549.0,189949.0,474260.0,4287261.0,748655.0,13897833.0,3397448.0,4.0
Andhra Pradesh,Spsr Nellore,833.0,760.0,607.0,194475.0,491908.0,4435953.0,775440.0,16503474.0,,
Andhra Pradesh,Srikakulam,102.0,116.0,152.0,143839.0,345775.0,3345479.0,552007.0,10814909.0,,
Andhra Pradesh,Visakhapatnam,1475.0,1158.0,897.0,497187.0,1174517.0,11083658.0,1763581.0,61686425.0,4290589.0,4.0
Andhra Pradesh,Vizianagaram,191.0,175.0,229.0,128905.0,313334.0,3307497.0,490683.0,11930376.0,2344474.0,3.0
Andhra Pradesh,West Godavari,870.0,767.0,914.0,213335.0,523372.0,4482887.0,843835.0,13007531.0,3936966.0,4.0
Andhra Pradesh,Ysr,520.0,427.0,338.0,186800.0,460590.0,4468146.0,717865.0,13548224.0,,
Arunachal Pradesh,Anjaw,5.0,7.0,4.0,278.0,934.0,293.0,1747.0,14236.0,21167.0,1.0
Arunachal Pradesh,Changlang,26.0,13.0,18.0,1208.0,5210.0,33373.0,11262.0,99401.0,148226.0,1.0
Arunachal Pradesh,Dibang Valley,1.0,0.0,0.0,66.0,211.0,139.0,320.0,669.0,8004.0,1.0
Arunachal Pradesh,East Kameng,20.0,25.0,7.0,222.0,876.0,3830.0,1962.0,14457.0,78690.0,1.0
Arunachal Pradesh,East Siang,75.0,84.0,57.0,1803.0,5899.0,33081.0,11298.0,81331.0,99214.0,1.0
Arunachal Pradesh,Kamle,3.0,2.0,2.0,22.0,141.0,366.0,373.0,2481.0,,
Arunachal Pradesh,Kra Daadi,0.0,0.0,0.0,88.0,350.0,1640.0,701.0,7534.0,,
Arunachal Pradesh,Kurung Kumey,7.0,1.0,2.0,97.0,385.0,866.0,725.0,5089.0,92076.0,1.0
Arunachal Pradesh,Lepa Rada,0.0,1.0,3.0,210.0,710.0,2254.0,1532.0,10804.0,,
Arunachal Pradesh,Lohit,29.0,26.0,11.0,1207.0,4416.0,36572.0,8454.0,88375.0,145726.0,1.0
Arunachal Pradesh,Longding,17.0,6.0,5.0,256.0,1152.0,18824.0,2201.0,35318.0,,
Arunachal Pradesh,Lower Dibang Valley,9.0,7.0,14.0,601.0,2314.0,10234.0,4650.0,30914.0,54080.0,1.0
Arunachal Pradesh,Lower Siang,7.0,8.0,7.0,270.0,1123.0,9092.0,2201.0,19332.0,,
Arunachal Pradesh,Lower Subansiri,13.0,21.0,8.0,498.0,1879.0,9224.0,4351.0,31207.0,83030.0,1.0
Arunachal Pradesh,Namsai,29.0,19.0,14.0,737.0,3153.0,16950.0,6029.0,49980.0,,
Arunachal Pradesh,Pakke Kessang,0.0,0.0,1.0,39.0,162.0,519.0,371.0,3403.0,,
Arunachal Pradesh,Papum Pare,266.0,325.0,272.0,7649.0,26298.0,138093.0,51342.0,418586.0,,
Arunachal Pradesh,Shi Yomi,0.0,0.0,0.0,49.0,186.0,61.0,290.0,291.0,,
Arunachal Pradesh,Siang,11.0,4.0,5.0,192.0,651.0,2025.0,1390.0,10332.0,,
Arunachal Pradesh,Tawang,8.0,9.0,8.0,1525.0,5023.0,27600.0,8048.0,83236.0,49977.0,1.0
Arunachal Pradesh,Tirap,14.0,5.0,2.0,557.0,2082.0,11895.0,4261.0,41453.0,111975.0,1.0
Arunachal Pradesh,Upper Siang,7.0,8.0,6.0,301.0,1125.0,1657.0,2143.0,7817.0,35320.0,1.0
Arunachal Pradesh,Upper Subansiri,10.0,16.0,6.0,572.0,1906.0,6307.0,3675.0,25795.0,83448.0,1.0
Arunachal Pradesh,West Kameng,16.0,25.0,23.0,2202.0,8115.0,58718.0,13983.0,192398.0,83947.0,1.0
Arunachal Pradesh,West Siang,8.0,11.0,13.0,846.0,2656.0,11616.0,5757.0,40432.0,112274.0,1.0
Assam,Baksa,121.0,153.0,171.0,6082.0,24926.0,172533.0,46215.0,345039.0,950075.0,2.0
Assam,Barpeta,639.0,609.0,742.0,20485.0,67729.0,541412.0,116286.0,1049575.0,1693622.0,3.0
Assam,Biswanath,149.0,131.0,151.0,5164.0,19050.0,129729.0,33906.0,288046.0,,
Assam,Bongaigaon,386.0,433.0,329.0,9724.0,29773.0,184202.0,51420.0,395850.0,738804.0,1.0
Assam,Cachar,733.0,1023.0,1096.0,19567.0,64241.0,451497.0,111470.0,900968.0,1736617.0,3.0
Assam,Charaideo,80.0,51.0,88.0,4366.0,15161.0,106198.0,26316.0,223997.0,,
Assam,Chirang,144.0,123.0,88.0,3487.0,11867.0,65927.0,21489.0,160952.0,482162.0,1.0
Assam,Darrang,319.0,203.0,215.0,8050.0,27070.0,187273.0,45755.0,335222.0,928500.0,2.0
Assam,Dhemaji,147.0,166.0,177.0,6623.0,24052.0,146436.0,43124.0,330098.0,686133.0,1.0
Assam,Dhubri,689.0,646.0,907.0,11421.0,36652.0,260150.0,62477.0,480758.0,1949258.0,3.0
Assam,Dibrugarh,477.0,556.0,710.0,21182.0,62656.0,359187.0,104663.0,835663.0,1326335.0,2.0
Assam,Dima Hasao,0.0,46.0,46.0,2245.0,7915.0,44145.0,14831.0,141529.0,214102.0,1.0
Assam,Goalpara,265.0,379.0,348.0,10420.0,33006.0,224711.0,56285.0,471010.0,1008183.0,2.0
Assam,Golaghat,394.0,599.0,388.0,10102.0,34918.0,192818.0,62401.0,437723.0,1066888.0,2.0
Assam,Hailakandi,132.0,142.0,227.0,5700.0,20697.0,109195.0,36398.0,228733.0,659296.0,1.0
Assam,Hojai,207.0,232.0,181.0,7571.0,23708.0,136650.0,41444.0,304947.0,,
Assam,Jorhat,666.0,577.0,587.0,16442.0,48594.0,276580.0,78731.0,607779.0,1092256.0,2.0
Assam,Kamrup,528.0,811.0,822.0,15241.0,54910.0,397714.0,95973.0,854236.0,1517542.0,3.0
Assam,Karbi Anglong,128.0,214.0,170.0,5694.0,20131.0,123796.0,35507.0,303580.0,956313.0,2.0
Assam,Karimganj,259.0,274.0,378.0,7367.0,29208.0,154401.0,54439.0,352020.0,1228686.0,2.0
Assam,Kokrajhar,310.0,263.0,273.0,6566.0,21029.0,137341.0,36818.0,286233.0,887142.0,2.0
Assam,Lakhimpur,265.0,183.0,340.0,8143.0,31154.0,192588.0,56008.0,418535.0,1042137.0,2.0
Assam,Majuli,16.0,14.0,15.0,1274.0,4861.0,35075.0,8656.0,68943.0,,
Assam,Marigaon,257.0,389.0,353.0,7193.0,26319.0,484997.0,59197.0,542387.0,957423.0,2.0
Assam,Nagaon,718.0,728.0,744.0,19619.0,66306.0,749827.0,129371.0,1043342.0,,
Assam,Nalbari,274.0,263.0,260.0,6874.0,24925.0,148121.0,44217.0,313556.0,771639.0,1.0
Assam,Sivasagar,331.0,366.0,463.0,8292.0,28059.0,156223.0,49024.0,361318.0,1151050.0,2.0
Assam,Sonitpur,419.0,501.0,399.0,18986.0,62218.0,416370.0,105050.0,946185.0,1924110.0,3.0
Assam,South Salmara Mancachar,94.0,93.0,70.0,2420.0,8674.0,66040.0,16486.0,142091.0,,
Assam,Tinsukia,745.0,672.0,709.0,15998.0,51108.0,326051.0,86763.0,716548.0,1327929.0,2.0
Assam,Udalguri,197.0,157.0,225.0,4768.0,19336.0,134268.0,35735.0,255166.0,831668.0,2.0
Bihar,Araria,342.0,401.0,530.0,30576.0,95297.0,617576.0,168149.0,1379411.0,,
Bihar,Arwal,131.0,163.0,218.0,11087.0,32098.0,245956.0,51903.0,631699.0,700843.0,1.0
Bihar,Aurangabad,208.0,284.0,412.0,42349.0,123845.0,896125.0,204230.0,2275859.0,3701282.0,4.0
Bihar,Banka,212.0,255.0,355.0,19504.0,62041.0,308399.0,108516.0,742828.0,2034763.0,3.0
Bihar,Begusarai,567.0,601.0,643.0,57409.0,155497.0,889100.0,251505.0,2050279.0,,
Bihar,Bhagalpur,1102.0,1007.0,1180.0,76063.0,195057.0,1322527.0,311744.0,2864737.0,3037766.0,4.0
Bihar,Bhojpur,647.0,818.0,868.0,50363.0,143568.0,855146.0,230828.0,2011687.0,,
Bihar,Buxar,486.0,557.0,542.0,27689.0,81116.0,464483.0,133361.0,1096970.0,1706352.0,3.0
Bihar,Darbhanga,553.0,568.0,734.0,74414.0,202521.0,1469109.0,332707.0,3353507.0,3937385.0,4.0
Bihar,Gaya,1423.0,1440.0,1544.0,91015.0,245773.0,2200582.0,398678.0,4848181.0,4391418.0,4.0
Bihar,Gopalganj,354.0,436.0,611.0,41306.0,125180.0,790613.0,221572.0,1998947.0,2562012.0,4.0
Bihar,Jamui,116.0,161.0,240.0,23266.0,70521.0,383181.0,122675.0,1228761.0,1760405.0,3.0
Bihar,Jehanabad,255.0,353.0,362.0,20394.0,56497.0,463220.0,92507.0,1049966.0,1125313.0,2.0
Bihar,Kaimur Bhabua,337.0,420.0,432.0,22464.0,66307.0,463448.0,111817.0,1078244.0,,
Bihar,Katihar,737.0,731.0,622.0,44233.0,124680.0,974220.0,213750.0,2423962.0,3071029.0,4.0
Bihar,Khagaria,231.0,190.0,300.0,25026.0,70139.0,494246.0,115815.0,1050337.0,1666886.0,3.0
Bihar,Kishanganj,320.0,390.0,290.0,16507.0,54620.0,331569.0,98189.0,837557.0,1690400.0,3.0
Bihar,Lakhisarai,84.0,144.0,212.0,18119.0,50294.0,351541.0,80730.0,733463.0,1000912.0,2.0
Bihar,Madhepura,315.0,314.0,363.0,26881.0,75876.0,564767.0,131288.0,1195387.0,2001762.0,3.0
Bihar,Madhubani,466.0,427.0,643.0,66664.0,195036.0,1294505.0,328630.0,3186481.0,4487379.0,4.0
Bihar,Munger,165.0,206.0,206.0,32219.0,84548.0,478839.0,131943.0,1107744.0,1367765.0,2.0
Bihar,Muzaffarpur,2731.0,3049.0,2952.0,125298.0,309416.0,2789424.0,498548.0,5950126.0,4801062.0,4.0
Bihar,Nalanda,847.0,798.0,905.0,75201.0,189924.0,2078306.0,294598.0,3818164.0,,
Bihar,Nawada,374.0,523.0,587.0,32228.0,94644.0,631033.0,161254.0,1627041.0,2219146.0,3.0
Bihar,Pashchim Champaran,596.0,789.0,834.0,67656.0,197074.0,1531433.0,334931.0,3618849.0,3935042.0,4.0
Bihar,Patna,5445.0,6635.0,8040.0,425009.0,964432.0,9464518.0,1397342.0,51956124.0,5838465.0,4.0
Bihar,Purbi Champaran,1024.0,1231.0,1455.0,87561.0,252394.0,1904136.0,431458.0,4468397.0,5099371.0,4.0
Bihar,Purnia,500.0,442.0,636.0,51858.0,141631.0,910585.0,242090.0,2137939.0,3264619.0,4.0
Bihar,Rohtas,1108.0,1149.0,1189.0,64983.0,174877.0,1718258.0,278266.0,3305758.0,,
Bihar,Saharsa,363.0,358.0,477.0,32380.0,88171.0,637942.0,147506.0,1494901.0,1900661.0,3.0
Bihar,Samastipur,527.0,636.0,721.0,76068.0,204544.0,1469219.0,334935.0,3174321.0,4261566.0,4.0
Bihar,Saran,1214.0,1318.0,1414.0,63245.0,197928.0,1273060.0,335039.0,3157641.0,3951862.0,4.0
Bihar,Sheikhpura,105.0,160.0,137.0,10567.0,29154.0,140573.0,47727.0,359800.0,636342.0,1.0
Bihar,Sheohar,49.0,73.0,70.0,7645.0,21941.0,158610.0,37408.0,375800.0,656246.0,1.0
Bihar,Sitamarhi,575.0,855.0,855.0,47288.0,132501.0,958201.0,223782.0,2177069.0,3423574.0,4.0
Bihar,Siwan,714.0,905.0,969.0,52000.0,160063.0,985265.0,282776.0,2560124.0,3330464.0,4.0
Bihar,Supaul,313.0,314.0,347.0,29348.0,86568.0,579060.0,150088.0,1275417.0,2229076.0,3.0
Bihar,Vaishali,1243.0,1426.0,1653.0,67921.0,189344.0,1468110.0,312949.0,3383449.0,3495021.0,4.0
Chandigarh,Chandigarh,1460.0,1298.0,908.0,86268.0,209175.0,2383031.0,312887.0,5884404.0,1055450.0,2.0
Chhattisgarh,Balod,135.0,103.0,150.0,13500.0,42804.0,260922.0,68724.0,622903.0,,
Chhattisgarh,Baloda Bazar,193.0,287.0,357.0,21747.0,73454.0,472479.0,115907.0,1125298.0,,
Chhattisgarh,Balrampur,45.0,35.0,71.0,9313.0,27410.0,226839.0,45517.0,587633.0,2148665.0,3.0
Chhattisgarh,Bastar,56.0,53.0,117.0,13889.0,41559.0,303522.0,69623.0,840560.0,1413199.0,2.0
Chhattisgarh,Bemetara,102.0,81.0,102.0,12283.0,36315.0,276124.0,57258.0,547809.0,,
Chhattisgarh,Bijapur,5.0,10.0,7.0,3606.0,12986.0,80822.0,22680.0,314595.0,,
Chhattisgarh,Bilaspur,1026.0,819.0,793.0,68704.0,184636.0,1193132.0,284320.0,3971015.0,2663629.0,4.0
Chhattisgarh,Dantewada,23.0,19.0,32.0,4894.0,17514.0,107878.0,28594.0,347477.0,533638.0,1.0
Chhattisgarh,Dhamtari,82.0,59.0,96.0,15571.0,44369.0,296901.0,69476.0,662367.0,799781.0,2.0
Chhattisgarh,Durg,728.0,646.0,781.0,91516.0,224058.0,1456431.0,353311.0,7207692.0,3343872.0,4.0
Chhattisgarh,Gariyaband,66.0,54.0,49.0,8679.0,25995.0,246486.0,39610.0,447268.0,,
Chhattisgarh,Janjgir Champa,241.0,342.0,291.0,42297.0,130114.0,1835600.0,199431.0,2998455.0,1619707.0,3.0
Chhattisgarh,Jashpur,70.0,83.0,103.0,12420.0,35598.0,258140.0,59351.0,574295.0,851669.0,2.0
Chhattisgarh,Kabirdham,50.0,74.0,56.0,10892.0,36729.0,229177.0,60401.0,561375.0,822526.0,2.0
Chhattisgarh,Kanker,166.0,108.0,149.0,10256.0,36502.0,234262.0,61891.0,668928.0,748941.0,1.0
Chhattisgarh,Kondagaon,30.0,7.0,27.0,5625.0,19795.0,159429.0,33640.0,367041.0,,
Chhattisgarh,Korba,220.0,297.0,268.0,39075.0,105570.0,686975.0,163500.0,1709813.0,1206640.0,2.0
Chhattisgarh,Korea,119.0,74.0,88.0,15517.0,41970.0,296204.0,63940.0,729132.0,658917.0,1.0
Chhattisgarh,Mahasamund,165.0,157.0,132.0,19608.0,56953.0,462000.0,89942.0,947636.0,1032754.0,2.0
Chhattisgarh,Mungeli,98.0,123.0,151.0,7387.0,26640.0,173905.0,44303.0,373032.0,,
Chhattisgarh,Narayanpur,9.0,10.0,10.0,1768.0,6161.0,38735.0,10674.0,138935.0,139820.0,1.0
Chhattisgarh,Raigarh,215.0,398.0,370.0,51628.0,139059.0,958878.0,208338.0,2197577.0,2634200.0,4.0
Chhattisgarh,Raipur,1446.0,1492.0,1548.0,135308.0,351495.0,2345436.0,559412.0,14537416.0,4063872.0,4.0
Chhattisgarh,Rajnandgaon,283.0,360.0,368.0,26295.0,78320.0,550127.0,126699.0,1295528.0,1537133.0,3.0
Chhattisgarh,Sukma,6.0,12.0,8.0,3205.0,11464.0,54819.0,19269.0,247686.0,,
Chhattisgarh,Surajpur,102.0,84.0,85.0,12279.0,39128.0,268212.0,61965.0,668484.0,,
Chhattisgarh,Surguja,246.0,171.0,221.0,22001.0,62300.0,459683.0,98711.0,1136533.0,2359886.0,3.0
Goa,North Goa,276.0,291.0,278.0,57769.0,147802.0,728649.0,244309.0,2566259.0,818008.0,2.0
Goa,South Goa,165.0,180.0,211.0,34167.0,90350.0,516089.0,147591.0,1548682.0,640537.0,1.0
Gujarat,Ahmadabad,3358.0,2993.0,3052.0,572811.0,1450100.0,9836304.0,2185983.0,49886270.0,7214225.0,4.0
Gujarat,Amreli,134.0,245.0,194.0,31443.0,79690.0,430750.0,126423.0,934311.0,1514190.0,3.0
Gujarat,Anand,289.0,193.0,191.0,68052.0,175515.0,1101015.0,277835.0,2996413.0,2092745.0,3.0
Gujarat,Aravallis,93.0,111.0,79.0,21932.0,56005.0,341575.0,94716.0,779004.0,,
Gujarat,Banas Kantha,379.0,381.0,349.0,93506.0,239613.0,1471606.0,386212.0,3444179.0,3120506.0,4.0
Gujarat,Bharuch,372.0,381.0,383.0,101575.0,252826.0,1583279.0,384819.0,4039610.0,1551019.0,3.0
Gujarat,Bhavnagar,261.0,324.0,246.0,87683.0,203617.0,1250704.0,315412.0,2642181.0,,
Gujarat,Botad,60.0,58.0,57.0,23738.0,58126.0,384733.0,88241.0,824991.0,,
Gujarat,Chhotaudepur,105.0,88.0,89.0,6581.0,20287.0,94788.0,36116.0,235294.0,,
Gujarat,Devbhumi Dwarka,70.0,65.0,46.0,15809.0,38898.0,192699.0,61293.0,412400.0,,
Gujarat,Dohad,206.0,191.0,238.0,16212.0,45141.0,256669.0,81529.0,541274.0,2127086.0,3.0
Gujarat,Gandhinagar,331.0,383.0,298.0,118201.0,291858.0,1726041.0,445290.0,6382217.0,1391753.0,2.0
Gujarat,Gir Somnath,86.0,81.0,151.0,28292.0,69872.0,346050.0,110211.0,666165.0,,
Gujarat,Jamnagar,215.0,230.0,184.0,52416.0,121494.0,739961.0,188224.0,1614702.0,2160119.0,3.0
Gujarat,Junagadh,139.0,230.0,273.0,35171.0,82263.0,322675.0,130231.0,740349.0,,
Gujarat,Kachchh,418.0,448.0,440.0,97838.0,231871.0,1464313.0,347270.0,3469060.0,2092371.0,3.0
Gujarat,Kheda,144.0,119.0,125.0,43776.0,124598.0,700100.0,204548.0,1820615.0,2299885.0,3.0
Gujarat,Mahesana,466.0,407.0,298.0,97004.0,230403.0,1508126.0,349897.0,3793184.0,2035064.0,3.0
Gujarat,Mahisagar,44.0,39.0,31.0,11048.0,31147.0,153709.0,54880.0,369553.0,,
Gujarat,Morbi,120.0,112.0,94.0,30329.0,77961.0,388033.0,130472.0,905106.0,,
Gujarat,Narmada,38.0,38.0,47.0,6464.0,19105.0,111625.0,33074.0,284673.0,590297.0,1.0
Gujarat,Navsari,197.0,172.0,117.0,35437.0,91812.0,950329.0,146018.0,10242802.0,1329672.0,2.0
Gujarat,Panch Mahals,235.0,202.0,181.0,32263.0,81863.0,482875.0,129831.0,1082462.0,,
Gujarat,Patan,213.0,383.0,193.0,41580.0,101323.0,753192.0,164027.0,1831000.0,1343734.0,2.0
Gujarat,Porbandar,44.0,69.0,56.0,12401.0,28860.0,107297.0,45383.0,263333.0,585449.0,1.0
Gujarat,Rajkot,967.0,792.0,523.0,133017.0,304415.0,1378378.0,469636.0,3592205.0,3804558.0,4.0
Gujarat,Sabar Kantha,334.0,262.0,207.0,45018.0,109651.0,614843.0,174426.0,1576764.0,2428589.0,4.0
Gujarat,Surat,2179.0,2390.0,3520.0,489852.0,1180819.0,6419303.0,1772703.0,15766654.0,6081322.0,4.0
Gujarat,Surendranagar,144.0,170.0,135.0,38223.0,95904.0,478906.0,154610.0,1128776.0,1756268.0,3.0
Gujarat,Tapi,82.0,64.0,46.0,14231.0,39195.0,183846.0,65634.0,471040.0,807022.0,2.0
Gujarat,The Dangs,8.0,13.0,5.0,2285.0,6307.0,37424.0,10877.0,98556.0,228291.0,1.0
Gujarat,Vadodara,1420.0,1042.0,904.0,205722.0,502520.0,2737728.0,763969.0,8689295.0,4165626.0,4.0
Gujarat,Valsad,313.0,254.0,185.0,80138.0,209477.0,1213084.0,330053.0,3225136.0,1705678.0,3.0
Haryana,Ambala,595.0,651.0,772.0,54127.0,136012.0,846268.0,215379.0,2422404.0,1128350.0,2.0
Haryana,Bhiwani,449.0,573.0,498.0,57585.0,132014.0,767305.0,208228.0,1834101.0,1634445.0,3.0
Haryana,Charkhi Dadri,214.0,254.0,152.0,14712.0,35788.0,194565.0,59348.0,492736.0,,
Haryana,Faridabad,3187.0,3630.0,3107.0,231504.0,634024.0,4550896.0,935992.0,17603559.0,1809733.0,3.0
Haryana,Fatehabad,344.0,453.0,422.0,48955.0,101001.0,648747.0,152969.0,1114604.0,942011.0,2.0
Haryana,Gurugram,6461.0,6472.0,5995.0,474081.0,1159832.0,10830246.0,1700505.0,43890172.0,1514432.0,3.0
Haryana,Hisar,1178.0,1305.0,1106.0,113872.0,245236.0,1462651.0,382469.0,3830063.0,1743931.0,3.0
Haryana,Jhajjar,611.0,829.0,749.0,53121.0,139799.0,815855.0,230059.0,2838136.0,958405.0,2.0
Haryana,Jind,858.0,842.0,724.0,51815.0,121923.0,718916.0,190347.0,1627516.0,1334152.0,2.0
Haryana,Kaithal,649.0,942.0,772.0,41222.0,97311.0,601879.0,151832.0,1379137.0,1074304.0,2.0
Haryana,Karnal,1359.0,1554.0,1247.0,73612.0,177042.0,1032850.0,283270.0,3675005.0,1505324.0,3.0
Haryana,Kurukshetra,742.0,845.0,846.0,47932.0,115295.0,719668.0,184817.0,2202584.0,964655.0,2.0
Haryana,Mahendragarh,466.0,553.0,539.0,45460.0,109746.0,566586.0,181158.0,1891292.0,922088.0,2.0
Haryana,Mewat,483.0,455.0,553.0,29541.0,92292.0,556874.0,176392.0,2252872.0,,
Haryana,Palwal,1075.0,906.0,770.0,48774.0,141953.0,783636.0,233542.0,3795498.0,1042708.0,2.0
Haryana,Panchkula,336.0,472.0,392.0,41867.0,105044.0,625696.0,160534.0,1746370.0,561293.0,1.0
Haryana,Panipat,1503.0,1647.0,1218.0,74739.0,181548.0,1209053.0,293916.0,4298198.0,1205437.0,2.0
Haryana,Rewari,784.0,987.0,971.0,85350.0,207051.0,1348820.0,323001.0,4626749.0,900332.0,2.0
Haryana,Rohtak,1468.0,1518.0,1461.0,62452.0,147392.0,843737.0,231317.0,4258276.0,1061204.0,2.0
Haryana,Sirsa,614.0,904.0,662.0,70800.0,146936.0,912516.0,219623.0,1708159.0,1295189.0,2.0
Haryana,Sonipat,1119.0,1324.0,917.0,79638.0,199593.0,1176714.0,325111.0,4022703.0,1450001.0,2.0
Haryana,Yamunanagar,853.0,855.0,978.0,46198.0,111935.0,630430.0,178961.0,1536973.0,1214205.0,2.0
Himachal Pradesh,Bilaspur,42.0,52.0,25.0,11975.0,32537.0,141973.0,54024.0,345193.0,2663629.0,4.0
Himachal Pradesh,Chamba,14.0,8.0,20.0,8678.0,27481.0,205216.0,50169.0,366977.0,519080.0,1.0
Himachal Pradesh,Hamirpur,24.0,32.0,16.0,15614.0,44206.0,208538.0,73945.0,722511.0,1104285.0,2.0
Himachal Pradesh,Kangra,75.0,76.0,59.0,39016.0,115120.0,470811.0,205367.0,1427704.0,1510075.0,3.0
Himachal Pradesh,Kinnaur,5.0,0.0,5.0,2684.0,8251.0,47023.0,13910.0,125755.0,84121.0,1.0
Himachal Pradesh,Kullu,35.0,34.0,33.0,15318.0,43436.0,169024.0,74668.0,571811.0,437903.0,1.0
Himachal Pradesh,Lahul & Spiti,0.0,0.0,2.0,487.0,1307.0,3096.0,2252.0,9589.0,31564.0,1.0
Himachal Pradesh,Mandi,56.0,57.0,42.0,26238.0,72963.0,286849.0,124971.0,1008044.0,999777.0,2.0
Himachal Pradesh,Shimla,82.0,140.0,71.0,28214.0,80651.0,402953.0,139890.0,2766965.0,814010.0,2.0
Himachal Pradesh,Sirmaur,56.0,87.0,50.0,15880.0,47638.0,292230.0,77972.0,647665.0,529855.0,1.0
Himachal Pradesh,Solan,77.0,99.0,58.0,50035.0,139300.0,861752.0,220293.0,2365261.0,580320.0,1.0
Himachal Pradesh,Una,68.0,50.0,26.0,13234.0,40315.0,274785.0,68564.0,565375.0,521173.0,1.0
Jammu & Kashmir,Anantnag,98.0,57.0,42.0,11556.0,30103.0,284476.0,39513.0,211869.0,1078692.0,2.0
Jammu & Kashmir,Bandipore,23.0,28.0,25.0,4609.0,12419.0,217298.0,16451.0,99303.0,392232.0,1.0
Jammu & Kashmir,Baramulla,65.0,67.0,63.0,16299.0,45150.0,592196.0,59123.0,378947.0,,
Jammu & Kashmir,Budgam,110.0,113.0,123.0,11594.0,34255.0,291202.0,44636.0,304012.0,,
Jammu & Kashmir,Doda,31.0,11.0,8.0,2648.0,9896.0,41374.0,14537.0,61607.0,409936.0,1.0
Jammu & Kashmir,Ganderbal,36.0,34.0,39.0,4117.0,11236.0,142768.0,14573.0,107223.0,297446.0,1.0
Jammu & Kashmir,Jammu,448.0,441.0,573.0,45294.0,134408.0,565767.0,191031.0,1375442.0,1529958.0,3.0
Jammu & Kashmir,Kathua,64.0,78.0,49.0,8039.0,25620.0,129685.0,37300.0,199203.0,616435.0,1.0
Jammu & Kashmir,Kishtwar,11.0,20.0,6.0,1298.0,4732.0,18740.0,7124.0,31766.0,230696.0,1.0
Jammu & Kashmir,Kulgam,42.0,38.0,39.0,5700.0,16003.0,123607.0,21070.0,129520.0,424483.0,1.0
Jammu & Kashmir,Kupwara,39.0,25.0,44.0,7254.0,25544.0,118028.0,36690.0,177521.0,870354.0,2.0
Jammu & Kashmir,Poonch,23.0,37.0,26.0,2539.0,10838.0,4121826.0,16495.0,1995425.0,,
Jammu & Kashmir,Pulwama,33.0,38.0,53.0,8441.0,23230.0,199024.0,30796.0,180606.0,560440.0,1.0
Jammu & Kashmir,Rajouri,67.0,62.0,61.0,5232.0,19212.0,92396.0,28089.0,155677.0,642415.0,1.0
Jammu & Kashmir,Ramban,25.0,41.0,31.0,1876.0,7125.0,44759.0,10267.0,91062.0,283713.0,1.0
Jammu & Kashmir,Reasi,41.0,54.0,34.0,3583.0,11440.0,56602.0,16592.0,99098.0,314667.0,1.0
Jammu & Kashmir,Samba,52.0,51.0,75.0,6534.0,21495.0,108063.0,31570.0,153004.0,318898.0,1.0
Jammu & Kashmir,Shopian,63.0,73.0,61.0,2537.0,7625.0,32962.0,10313.0,45721.0,,
Jammu & Kashmir,Srinagar,362.0,329.0,281.0,18233.0,52762.0,438813.0,70755.0,1478361.0,1236829.0,2.0
Jammu & Kashmir,Udhampur,45.0,91.0,90.0,8457.0,25515.0,132494.0,35408.0,196807.0,554985.0,1.0
Jharkhand,Bokaro,253.0,579.0,723.0,101673.0,235969.0,3065145.0,352220.0,6026938.0,2062330.0,3.0
Jharkhand,Chatra,180.0,223.0,191.0,11805.0,38103.0,250490.0,67305.0,743254.0,1042886.0,2.0
Jharkhand,Deoghar,505.0,495.0,484.0,35229.0,97449.0,470992.0,179746.0,1177463.0,1492073.0,2.0
Jharkhand,Dhanbad,815.0,783.0,1366.0,130195.0,313255.0,3988281.0,479075.0,7925963.0,,
Jharkhand,Dumka,194.0,312.0,265.0,16027.0,43171.0,350968.0,69852.0,691340.0,1321442.0,2.0
Jharkhand,East Singhbhum,1213.0,1300.0,1128.0,103016.0,256344.0,1877301.0,398663.0,5052150.0,,
Jharkhand,Garhwa,135.0,127.0,189.0,14981.0,49830.0,387037.0,87607.0,1001377.0,1322784.0,2.0
Jharkhand,Giridih,359.0,404.0,360.0,45940.0,123889.0,1002799.0,195939.0,2151452.0,2445474.0,4.0
Jharkhand,Godda,159.0,216.0,181.0,16608.0,47481.0,278537.0,77305.0,717056.0,1313551.0,2.0
Jharkhand,Gumla,147.0,173.0,161.0,6616.0,19367.0,91757.0,34702.0,243358.0,1025213.0,2.0
Jharkhand,Hazaribagh,425.0,436.0,506.0,56421.0,151904.0,1362498.0,248710.0,3325946.0,1734495.0,3.0
Jharkhand,Jamtara,122.0,152.0,150.0,10659.0,31881.0,199009.0,62283.0,358095.0,791042.0,2.0
Jharkhand,Khunti,43.0,73.0,66.0,4037.0,12464.0,73527.0,21442.0,186032.0,531885.0,1.0
Jharkhand,Koderma,143.0,150.0,135.0,21423.0,54059.0,421329.0,84331.0,920163.0,,
Jharkhand,Latehar,108.0,81.0,90.0,7580.0,23885.0,166109.0,42321.0,533291.0,726978.0,1.0
Jharkhand,Lohardaga,101.0,105.0,132.0,5431.0,16058.0,101808.0,27627.0,239636.0,461790.0,1.0
Jharkhand,Pakur,89.0,180.0,76.0,6846.0,19057.0,140714.0,33331.0,330048.0,900422.0,2.0
Jharkhand,Palamu,272.0,326.0,448.0,31788.0,94917.0,616311.0,161215.0,1644221.0,1939869.0,3.0
Jharkhand,Ramgarh,333.0,412.0,280.0,37875.0,93606.0,727777.0,149467.0,1753727.0,949443.0,2.0
Jharkhand,Ranchi,2544.0,1582.0,2568.0,159444.0,386608.0,2896066.0,602664.0,13993535.0,,
Jharkhand,Sahebganj,204.0,202.0,402.0,12479.0,34076.0,226932.0,56249.0,464764.0,,
Jharkhand,Saraikela Kharsawan,302.0,235.0,335.0,31177.0,81052.0,734788.0,124479.0,1702877.0,1065056.0,2.0
Jharkhand,Simdega,41.0,41.0,55.0,2983.0,9604.0,49853.0,17525.0,132036.0,599578.0,1.0
Jharkhand,West Singhbhum,154.0,175.0,150.0,15529.0,45300.0,257637.0,77335.0,670462.0,,
Karnataka,Bagalkote,122.0,103.0,219.0,63460.0,173415.0,948251.0,293935.0,3722893.0,1889752.0,3.0
Karnataka,Ballari,249.0,248.0,569.0,103566.0,281648.0,1704864.0,481004.0,8247512.0,2452595.0,4.0
Karnataka,Belagavi,528.0,570.0,447.0,140320.0,412265.0,1950176.0,746925.0,9868793.0,4779661.0,4.0
Karnataka,Bengaluru,11646.0,10199.0,8587.0,2010323.0,5270354.0,73400744.0,8020185.0,477247267.0,9621551.0,4.0
Karnataka,Bidar,169.0,206.0,203.0,58446.0,160253.0,1076413.0,275072.0,3551899.0,1703300.0,3.0
Karnataka,Chamarajanagara,88.0,129.0,105.0,17398.0,59101.0,254326.0,112400.0,1087712.0,,
Karnataka,Chikkaballapura,167.0,150.0,177.0,43074.0,137719.0,839716.0,250163.0,4138751.0,1255104.0,2.0
Karnataka,Chikkamagaluru,173.0,204.0,314.0,32240.0,98090.0,428825.0,186487.0,1946203.0,1137961.0,2.0
Karnataka,Chitradurga,182.0,325.0,337.0,41656.0,127578.0,651421.0,233840.0,2715426.0,1659456.0,3.0
Karnataka,Davanagere,317.0,416.0,397.0,68178.0,191840.0,1002580.0,337445.0,5066311.0,1945497.0,3.0
Karnataka,Dharwad,485.0,332.0,255.0,106877.0,287568.0,1549382.0,502446.0,11859865.0,1847023.0,3.0
Karnataka,Gadag,376.0,311.0,163.0,28575.0,82724.0,444806.0,147533.0,1836990.0,1064570.0,2.0
Karnataka,Hassan,278.0,316.0,283.0,51642.0,169484.0,742798.0,318850.0,3557907.0,1776421.0,3.0
Karnataka,Haveri,311.0,219.0,173.0,33262.0,100853.0,457871.0,184781.0,1715445.0,1597668.0,3.0
Karnataka,Kalaburagi,266.0,308.0,412.0,81933.0,230020.0,1184553.0,402676.0,4610034.0,2566326.0,4.0
Karnataka,Kodagu,216.0,134.0,156.0,14783.0,47953.0,199119.0,98612.0,1020320.0,554519.0,1.0
Karnataka,Kolar,174.0,176.0,217.0,60498.0,201909.0,1186233.0,361750.0,6150070.0,1536401.0,3.0
Karnataka,Koppal,236.0,463.0,351.0,34963.0,103151.0,496382.0,185866.0,2181124.0,1389920.0,2.0
Karnataka,Mandya,522.0,494.0,415.0,50951.0,164533.0,811773.0,309136.0,4208672.0,1805769.0,3.0
Karnataka,Mysuru,777.0,767.0,865.0,150799.0,432208.0,2407444.0,764697.0,14613483.0,,
Karnataka,Raichur,131.0,253.0,257.0,58544.0,163836.0,974354.0,285797.0,3762500.0,1928812.0,3.0
Karnataka,Ramanagara,531.0,392.0,370.0,47100.0,148213.0,994094.0,267981.0,5234817.0,1082636.0,2.0
Karnataka,Shivamogga,391.0,412.0,394.0,60797.0,174221.0,783377.0,324957.0,4277816.0,1752753.0,3.0
Karnataka,Southa Kannada,345.0,341.0,305.0,87491.0,254135.0,1384416.0,481992.0,10156043.0,2089649.0,3.0
Karnataka,Tumakuru,368.0,509.0,510.0,82955.0,258398.0,1343920.0,488995.0,6878750.0,,
Karnataka,Udupi,103.0,122.0,163.0,49362.0,136628.0,734583.0,247646.0,2751629.0,1177361.0,2.0
Karnataka,Vijayapura,227.0,241.0,340.0,68814.0,199735.0,1019536.0,357428.0,4437346.0,2177331.0,3.0
Karnataka,Yadgir,163.0,147.0,146.0,21121.0,67099.0,351488.0,121589.0,1255816.0,1174271.0,2.0
Kerala,Alappuzha,157.0,207.0,146.0,39275.0,114882.0,485950.0,235048.0,1528934.0,2127789.0,3.0
Kerala,Ernakulam,565.0,580.0,499.0,159188.0,409812.0,2655411.0,716945.0,10430390.0,3282388.0,4.0
Kerala,Idukki,160.0,166.0,127.0,21318.0,63188.0,286416.0,122253.0,787754.0,1108974.0,2.0
Kerala,Kannur,91.0,139.0,139.0,54093.0,143289.0,598437.0,282719.0,1744170.0,2523003.0,4.0
Kerala,Kasaragod,431.0,164.0,150.0,20008.0,59697.0,257262.0,121264.0,695233.0,1307375.0,2.0
Kerala,Kollam,257.0,225.0,230.0,41946.0,125697.0,539889.0,265751.0,1613460.0,2635375.0,4.0
Kerala,Kottayam,147.0,180.0,157.0,43142.0,121975.0,664964.0,229263.0,1798116.0,1974551.0,3.0
Kerala,Kozhikode,384.0,326.0,351.0,83422.0,212403.0,1336746.0,404139.0,3086046.0,3086293.0,4.0
Kerala,Malappuram,191.0,232.0,198.0,86063.0,206857.0,1278235.0,387405.0,2827780.0,4112920.0,4.0
Kerala,Palakkad,199.0,232.0,231.0,51507.0,145211.0,747756.0,277861.0,1825044.0,,
Kerala,Pathanamthitta,112.0,91.0,101.0,18890.0,60107.0,252182.0,118197.0,659576.0,1197412.0,2.0
Kerala,Thiruvananthapuram,545.0,545.0,439.0,81846.0,239634.0,1231012.0,466301.0,4497503.0,3301427.0,4.0
Kerala,Thrissur,360.0,337.0,370.0,67247.0,184516.0,978551.0,349437.0,3401956.0,3121200.0,4.0
Kerala,Wayanad,65.0,63.0,58.0,16239.0,49356.0,211736.0,101733.0,641636.0,817420.0,2.0
Lakshadweep,Lakshadweep,18.0,8.0,19.0,501.0,1416.0,6255.0,2772.0,12276.0,64473.0,1.0
Madhya Pradesh,Agar Malwa,123.0,93.0,118.0,12058.0,33425.0,301408.0,56419.0,750615.0,,
Madhya Pradesh,Alirajpur,170.0,149.0,193.0,3746.0,13122.0,54794.0,24827.0,168908.0,728999.0,1.0
Madhya Pradesh,Anuppur,127.0,94.0,132.0,18656.0,49988.0,429898.0,76969.0,1132323.0,749237.0,1.0
Madhya Pradesh,Ashoknagar,239.0,183.0,217.0,16495.0,44386.0,310079.0,69791.0,681463.0,845071.0,2.0
Madhya Pradesh,Balaghat,235.0,178.0,254.0,38064.0,108073.0,788378.0,179810.0,2358016.0,1701698.0,3.0
Madhya Pradesh,Barwani,288.0,234.0,213.0,15811.0,46138.0,245109.0,82596.0,664358.0,1385881.0,2.0
Madhya Pradesh,Betul,163.0,193.0,191.0,49045.0,122961.0,869963.0,193348.0,2324054.0,1575362.0,3.0
Madhya Pradesh,Bhind,363.0,451.0,346.0,34085.0,94313.0,646238.0,159089.0,1542081.0,1703005.0,3.0
Madhya Pradesh,Bhopal,5979.0,6868.0,5906.0,307312.0,670417.0,11191158.0,1003288.0,53685831.0,2371061.0,3.0
Madhya Pradesh,Burhanpur,89.0,75.0,83.0,16077.0,42152.0,236017.0,70827.0,593103.0,757847.0,1.0
Madhya Pradesh,Chhatarpur,204.0,288.0,318.0,36004.0,95345.0,575557.0,164422.0,1482113.0,,
Madhya Pradesh,Chhindwara,442.0,370.0,306.0,65005.0,168633.0,1133742.0,268008.0,3356534.0,2090922.0,3.0
Madhya Pradesh,Damoh,188.0,127.0,141.0,24961.0,62435.0,423456.0,98583.0,981021.0,1264219.0,2.0
Madhya Pradesh,Datia,101.0,80.0,130.0,16322.0,46221.0,316312.0,71709.0,748567.0,786754.0,2.0
Madhya Pradesh,Dewas,579.0,537.0,580.0,62902.0,155786.0,1322690.0,245317.0,3861153.0,1563715.0,3.0
Madhya Pradesh,Dhar,844.0,809.0,841.0,63440.0,166663.0,1383783.0,270891.0,3755262.0,2185793.0,3.0
Madhya Pradesh,Dindori,54.0,44.0,52.0,6114.0,22197.0,168374.0,39433.0,568598.0,704524.0,1.0
Madhya Pradesh,East Nimar,295.0,242.0,250.0,29308.0,75806.0,499265.0,125273.0,1341466.0,1310061.0,2.0
Madhya Pradesh,Guna,631.0,519.0,526.0,36829.0,98816.0,830916.0,169946.0,1863591.0,1241519.0,2.0
Madhya Pradesh,Gwalior,2349.0,2081.0,1726.0,142453.0,331504.0,2465435.0,506221.0,7062163.0,2032036.0,3.0
Madhya Pradesh,Harda,188.0,133.0,149.0,18120.0,43995.0,295606.0,67392.0,693961.0,570465.0,1.0
Madhya Pradesh,Hoshangabad,312.0,325.0,381.0,50658.0,123858.0,823532.0,190416.0,3040016.0,1241350.0,2.0
Madhya Pradesh,Indore,4799.0,4814.0,4678.0,366977.0,844465.0,7351742.0,1287857.0,41810409.0,3276697.0,4.0
Madhya Pradesh,Jabalpur,2697.0,2772.0,2144.0,115953.0,295042.0,2284848.0,462069.0,8819438.0,2463289.0,4.0
Madhya Pradesh,Jhabua,251.0,234.0,198.0,9632.0,29064.0,143147.0,52803.0,410252.0,1025048.0,2.0
Madhya Pradesh,Katni,291.0,260.0,198.0,28098.0,79580.0,481487.0,131655.0,1476834.0,1292042.0,2.0
Madhya Pradesh,Khargone,455.0,441.0,479.0,40995.0,109408.0,754674.0,180658.0,1985320.0,,
Madhya Pradesh,Mandla,82.0,72.0,52.0,13593.0,44325.0,218803.0,77954.0,770557.0,1054905.0,2.0
Madhya Pradesh,Mandsaur,357.0,394.0,443.0,42041.0,112086.0,691107.0,183327.0,2033884.0,1340411.0,2.0
Madhya Pradesh,Morena,670.0,568.0,553.0,42153.0,113900.0,744321.0,187857.0,1692719.0,1965970.0,3.0
Madhya Pradesh,Narsinghpur,197.0,158.0,125.0,38027.0,95833.0,975480.0,148190.0,1783574.0,,
Madhya Pradesh,Neemuch,221.0,145.0,169.0,27995.0,72918.0,450932.0,118143.0,1375591.0,826067.0,2.0
Madhya Pradesh,Niwari,0.0,0.0,45.0,6771.0,19076.0,124049.0,31223.0,313040.0,,
Madhya Pradesh,Panna,75.0,58.0,88.0,13874.0,38426.0,260660.0,64176.0,684874.0,1016520.0,2.0
Madhya Pradesh,Raisen,294.0,165.0,322.0,47344.0,117214.0,1026636.0,184402.0,2939309.0,1331597.0,2.0
Madhya Pradesh,Rajgarh,359.0,340.0,392.0,39336.0,106743.0,934055.0,174122.0,2588997.0,1545814.0,3.0
Madhya Pradesh,Ratlam,357.0,356.0,448.0,49298.0,127023.0,893280.0,204718.0,2514738.0,1455069.0,2.0
Madhya Pradesh,Rewa,810.0,719.0,1163.0,73336.0,188803.0,1664538.0,285832.0,3681248.0,2365106.0,3.0
Madhya Pradesh,Sagar,546.0,454.0,424.0,72857.0,194467.0,1850451.0,299753.0,3838446.0,2378458.0,3.0
Madhya Pradesh,Satna,497.0,515.0,516.0,59252.0,160954.0,1231403.0,253988.0,3089434.0,2228935.0,3.0
Madhya Pradesh,Sehore,586.0,514.0,490.0,61158.0,149925.0,2148576.0,228553.0,5456094.0,1311332.0,2.0
Madhya Pradesh,Seoni,180.0,158.0,138.0,29095.0,82398.0,633458.0,133334.0,1664777.0,1379131.0,2.0
Madhya Pradesh,Shahdol,243.0,191.0,259.0,26509.0,71433.0,524799.0,112022.0,1506744.0,1066063.0,2.0
Madhya Pradesh,Shajapur,259.0,163.0,251.0,29995.0,76924.0,676942.0,124615.0,1747681.0,1512681.0,3.0
Madhya Pradesh,Sheopur,67.0,62.0,84.0,9808.0,27456.0,170298.0,46567.0,424157.0,687861.0,1.0
Madhya Pradesh,Shivpuri,295.0,292.0,275.0,25449.0,73259.0,798099.0,134692.0,1760030.0,1726050.0,3.0
Madhya Pradesh,Sidhi,303.0,232.0,202.0,20030.0,55922.0,425703.0,90719.0,1127984.0,1127033.0,2.0
Madhya Pradesh,Singrauli,184.0,138.0,178.0,45254.0,107427.0,1057512.0,156321.0,2854495.0,1178273.0,2.0
Madhya Pradesh,Tikamgarh,246.0,181.0,126.0,15917.0,44716.0,336922.0,75937.0,791363.0,1445166.0,2.0
Madhya Pradesh,Ujjain,1151.0,1092.0,1240.0,84441.0,214818.0,1599204.0,349476.0,4746774.0,1986864.0,3.0
Madhya Pradesh,Umaria,79.0,57.0,64.0,11572.0,31962.0,240603.0,51076.0,698947.0,644758.0,1.0
Madhya Pradesh,Vidisha,529.0,478.0,473.0,43378.0,112602.0,1105908.0,184757.0,2646555.0,1458875.0,2.0
Maharashtra,Ahmednagar,1791.0,2203.0,2938.0,197473.0,532651.0,3124695.0,905962.0,10582322.0,4543159.0,4.0
Maharashtra,Akola,604.0,573.0,592.0,56295.0,144784.0,741208.0,239492.0,2137855.0,1813906.0,3.0
Maharashtra,Amravati,1750.0,1744.0,1743.0,100458.0,260174.0,1432258.0,452583.0,6286394.0,,
Maharashtra,Aurangabad,2702.0,7505.0,7185.0,266324.0,644687.0,4267013.0,1046306.0,20173098.0,3701282.0,4.0
Maharashtra,Beed,763.0,688.0,690.0,75552.0,207350.0,1094597.0,352440.0,3236864.0,,
Maharashtra,Bhandara,375.0,383.0,449.0,38732.0,103514.0,657780.0,165915.0,1647150.0,1200334.0,2.0
Maharashtra,Buldhana,701.0,792.0,896.0,84962.0,218739.0,1431965.0,353711.0,3813808.0,,
Maharashtra,Chandrapur,587.0,699.0,764.0,67034.0,178696.0,1028185.0,291058.0,2610994.0,2204307.0,3.0
Maharashtra,Dhule,526.0,600.0,662.0,63040.0,166252.0,946048.0,263999.0,2580240.0,2050862.0,3.0
Maharashtra,Gadchiroli,104.0,118.0,138.0,20462.0,57518.0,392997.0,93237.0,1027498.0,1072942.0,2.0
Maharashtra,Gondia,372.0,389.0,343.0,37761.0,98644.0,687976.0,154128.0,1532670.0,,
Maharashtra,Hingoli,212.0,236.0,318.0,27545.0,72615.0,474581.0,119554.0,1140774.0,1177345.0,2.0
Maharashtra,Jalgaon,984.0,1177.0,1249.0,156359.0,383547.0,2264291.0,605036.0,6064767.0,4229917.0,4.0
Maharashtra,Jalna,670.0,823.0,982.0,60373.0,156361.0,1028449.0,273333.0,3123448.0,1959046.0,3.0
Maharashtra,Kolhapur,958.0,1092.0,1015.0,172528.0,454858.0,2364062.0,738677.0,6835720.0,3876001.0,4.0
Maharashtra,Latur,566.0,597.0,616.0,101698.0,250662.0,1657220.0,398366.0,4323424.0,2454196.0,4.0
Maharashtra,Mumbai,34211.0,47202.0,40168.0,233538.0,670094.0,16099736.0,1054509.0,42453186.0,9356962.0,4.0
Maharashtra,Nagpur,10135.0,7319.0,6541.0,280007.0,765612.0,4485636.0,1251510.0,21995879.0,4653570.0,4.0
Maharashtra,Nanded,796.0,573.0,898.0,99716.0,252342.0,1517981.0,412138.0,4291979.0,3361292.0,4.0
Maharashtra,Nandurbar,289.0,300.0,334.0,27766.0,77352.0,408298.0,128739.0,1072917.0,1648295.0,3.0
Maharashtra,Nashik,2055.0,2062.0,2133.0,321402.0,853648.0,4827727.0,1448324.0,23973691.0,6107187.0,4.0
Maharashtra,Osmanabad,449.0,485.0,584.0,51994.0,145109.0,911800.0,245431.0,2730318.0,1657576.0,3.0
Maharashtra,Palghar,1024.0,1443.0,1356.0,172502.0,521918.0,2587181.0,848560.0,9471995.0,,
Maharashtra,Parbhani,475.0,537.0,596.0,57487.0,138597.0,805567.0,225598.0,2183551.0,1836086.0,3.0
Maharashtra,Pune,11303.0,9038.0,7791.0,1211643.0,3038402.0,27971449.0,4802397.0,226916267.0,9429408.0,4.0
Maharashtra,Raigad,462.0,481.0,489.0,173015.0,509108.0,2577761.0,830643.0,9789564.0,,
Maharashtra,Ratnagiri,402.0,442.0,356.0,32596.0,103057.0,458786.0,181890.0,1351051.0,1615069.0,3.0
Maharashtra,Sangli,983.0,1510.0,1463.0,108867.0,291314.0,1562222.0,482269.0,4314648.0,,
Maharashtra,Satara,1101.0,1258.0,1218.0,116303.0,332953.0,1832022.0,569983.0,5968339.0,,
Maharashtra,Sindhudurg,190.0,242.0,226.0,19427.0,58911.0,287249.0,102279.0,794236.0,849651.0,2.0
Maharashtra,Solapur,2020.0,2337.0,2507.0,190033.0,505662.0,3332736.0,821512.0,10132935.0,4317756.0,4.0
Maharashtra,Thane,4030.0,4176.0,3578.0,631864.0,1834051.0,9826284.0,2878073.0,39183188.0,11060148.0,4.0
Maharashtra,Wardha,603.0,625.0,612.0,46502.0,120193.0,753910.0,193238.0,2007828.0,1300774.0,2.0
Maharashtra,Washim,340.0,369.0,337.0,29299.0,78091.0,422432.0,129675.0,1237632.0,1197160.0,2.0
Maharashtra,Yavatmal,1077.0,932.0,922.0,57137.0,155775.0,853961.0,264447.0,2274310.0,,
Manipur,Bishnupur,62.0,29.0,22.0,2371.0,8537.0,51040.0,15333.0,92653.0,237399.0,1.0
Manipur,Chandel,9.0,5.0,2.0,452.0,1691.0,9515.0,3471.0,31407.0,144182.0,1.0
Manipur,Churachandpur,13.0,12.0,28.0,1524.0,6138.0,34663.0,12420.0,83264.0,274143.0,1.0
Manipur,East Imphal,224.0,291.0,271.0,6759.0,21136.0,179146.0,36105.0,302223.0,456113.0,1.0
Manipur,Jiribam,0.0,0.0,6.0,460.0,1759.0,13418.0,3051.0,26869.0,,
Manipur,Kakching,0.0,0.0,15.0,915.0,3850.0,16599.0,7075.0,37365.0,,
Manipur,Kamjong,0.0,0.0,0.0,108.0,382.0,1863.0,755.0,5123.0,,
Manipur,Kangpokpi,0.0,0.0,8.0,1439.0,5212.0,33404.0,10241.0,84806.0,,
Manipur,Noney,0.0,0.0,1.0,216.0,919.0,5931.0,1787.0,17826.0,,
Manipur,Pherzawl,0.0,0.0,0.0,24.0,98.0,173.0,245.0,1322.0,,
Manipur,Senapati,9.0,5.0,2.0,85.0,451.0,5901.0,922.0,21163.0,479148.0,1.0
Manipur,Tamenglong,5.0,2.0,2.0,550.0,2148.0,10416.0,4169.0,34029.0,140651.0,1.0
Manipur,Tengnoupal,0.0,0.0,2.0,352.0,1641.0,11670.0,3179.0,29476.0,,
Manipur,Thoubal,118.0,156.0,80.0,2764.0,9529.0,73193.0,16244.0,102905.0,422168.0,1.0
Manipur,Ukhrul,8.0,4.0,7.0,602.0,2368.0,12337.0,4892.0,37371.0,183998.0,1.0
Manipur,West Imphal,332.0,393.0,431.0,11304.0,33668.0,201889.0,57485.0,409384.0,517992.0,1.0
Meghalaya,East Garo Hills,34.0,27.0,24.0,236.0,1424.0,5712.0,3251.0,21236.0,317917.0,1.0
Meghalaya,East Jaintia Hills,47.0,27.0,34.0,1419.0,4643.0,42911.0,8368.0,106558.0,,
Meghalaya,East Khasi Hills,424.0,327.0,355.0,9310.0,27937.0,181650.0,49251.0,575233.0,825922.0,2.0
Meghalaya,North Garo Hills,4.0,26.0,25.0,254.0,1482.0,8607.0,3311.0,22398.0,,
Meghalaya,Ribhoi,76.0,77.0,104.0,1891.0,6543.0,46107.0,11689.0,134037.0,,
Meghalaya,South Garo Hills,5.0,9.0,11.0,343.0,1296.0,6955.0,2810.0,17982.0,142334.0,1.0
Meghalaya,South West Garo Hills,55.0,26.0,25.0,299.0,1434.0,9255.0,3234.0,22088.0,,
Meghalaya,South West Khasi Hills,9.0,10.0,10.0,55.0,329.0,3265.0,724.0,7181.0,,
Meghalaya,West Garo Hills,138.0,68.0,66.0,3671.0,12932.0,65222.0,24124.0,158953.0,643291.0,1.0
Meghalaya,West Jaintia Hills,59.0,46.0,70.0,736.0,2276.0,13296.0,4530.0,31334.0,,
Meghalaya,West Khasi Hills,25.0,28.0,28.0,299.0,1191.0,5870.0,2522.0,16558.0,383461.0,1.0
Mizoram,Aizawl,498.0,334.0,730.0,4550.0,13422.0,84386.0,25253.0,209193.0,400309.0,1.0
Mizoram,Champhai,45.0,38.0,12.0,358.0,1179.0,4112.0,2448.0,12310.0,125745.0,1.0
Mizoram,Kolasib,159.0,174.0,143.0,486.0,1730.0,10881.0,3360.0,28695.0,83955.0,1.0
Mizoram,Lawngtlai,17.0,0.0,16.0,474.0,1648.0,4934.0,3996.0,22417.0,117894.0,1.0
Mizoram,Lunglei,90.0,77.0,77.0,879.0,2910.0,15918.0,5778.0,45660.0,161428.0,1.0
Mizoram,Mamit,52.0,44.0,36.0,316.0,1096.0,9361.0,2379.0,25211.0,86364.0,1.0
Mizoram,Saiha,54.0,32.0,23.0,231.0,638.0,3687.0,1293.0,9665.0,56574.0,1.0
Mizoram,Serchhip,16.0,22.0,20.0,299.0,1047.0,6891.0,1992.0,16159.0,64937.0,1.0
Nagaland,Dimapur,242.0,269.0,254.0,8249.0,28091.0,162636.0,53696.0,427321.0,378811.0,1.0
Nagaland,Kiphire,8.0,8.0,2.0,168.0,862.0,4287.0,1814.0,15256.0,74004.0,1.0
Nagaland,Kohima,49.0,46.0,26.0,3036.0,10747.0,75111.0,20644.0,178832.0,267988.0,1.0
Nagaland,Longleng,0.0,4.0,11.0,121.0,539.0,2567.0,1430.0,9479.0,50484.0,1.0
Nagaland,Mokokchung,9.0,8.0,15.0,1043.0,3721.0,25818.0,7626.0,62653.0,194622.0,1.0
Nagaland,Mon,29.0,21.0,34.0,525.0,2458.0,16837.0,5747.0,61007.0,250260.0,1.0
Nagaland,Peren,9.0,12.0,8.0,218.0,884.0,5158.0,1899.0,14829.0,95219.0,1.0
Nagaland,Phek,5.0,0.0,4.0,487.0,1727.0,10021.0,3637.0,30333.0,163418.0,1.0
Nagaland,Tuensang,7.0,14.0,8.0,377.0,1678.0,14950.0,3634.0,32411.0,196596.0,1.0
Nagaland,Wokha,18.0,27.0,11.0,465.0,1830.0,12766.0,4118.0,32219.0,166343.0,1.0
Nagaland,Zunheboto,10.0,10.0,5.0,385.0,1374.0,11997.0,2898.0,72040.0,140757.0,1.0
Uttar Pradesh,Agra,3017.0,3024.0,2528.0,148387.0,392222.0,1897667.0,668251.0,5821816.0,4418797.0,4.0
Uttar Pradesh,Aligarh,1542.0,1300.0,1018.0,84375.0,221771.0,1215055.0,389467.0,3377785.0,3673889.0,4.0
Uttar Pradesh,Ambedkar Nagar,191.0,202.0,186.0,36853.0,105456.0,845316.0,173558.0,1693606.0,2397888.0,3.0
Uttar Pradesh,Amethi,274.0,253.0,261.0,28949.0,80707.0,594951.0,136952.0,1253474.0,,
Uttar Pradesh,Amroha,338.0,314.0,261.0,27497.0,77180.0,431968.0,132719.0,1010368.0,1840221.0,3.0
Uttar Pradesh,Auraiya,247.0,257.0,193.0,21705.0,61805.0,475856.0,106853.0,899230.0,1379545.0,2.0
Uttar Pradesh,Ayodhya,559.0,409.0,370.0,51410.0,136314.0,964686.0,217835.0,2113269.0,2470996.0,4.0
Uttar Pradesh,Azamgarh,513.0,441.0,423.0,68976.0,203791.0,1292406.0,334030.0,2761441.0,4613913.0,4.0
Uttar Pradesh,Baghpat,384.0,417.0,363.0,27155.0,79331.0,403417.0,138206.0,1221289.0,1303048.0,2.0
Uttar Pradesh,Bahraich,348.0,371.0,454.0,23003.0,68614.0,508936.0,118691.0,1050085.0,3487731.0,4.0
Uttar Pradesh,Ballia,507.0,366.0,235.0,59431.0,171902.0,1059785.0,279850.0,2452276.0,3239774.0,4.0
Uttar Pradesh,Balrampur,89.0,69.0,94.0,13778.0,44496.0,256618.0,79242.0,668678.0,2148665.0,3.0
Uttar Pradesh,Banda,209.0,156.0,127.0,18718.0,51294.0,340416.0,85004.0,745024.0,1799410.0,3.0
Uttar Pradesh,Bara Banki,293.0,316.0,328.0,36150.0,96470.0,672118.0,163878.0,1557825.0,3260699.0,4.0
Uttar Pradesh,Bareilly,1136.0,1085.0,1037.0,112369.0,279714.0,2019928.0,452872.0,4550886.0,4448359.0,4.0
Uttar Pradesh,Basti,248.0,171.0,175.0,38586.0,110068.0,763234.0,182992.0,1730576.0,2464464.0,4.0
Uttar Pradesh,Bhadohi,105.0,166.0,149.0,29109.0,80947.0,539140.0,131750.0,1161009.0,1578213.0,3.0
Uttar Pradesh,Bijnor,626.0,593.0,449.0,52039.0,142913.0,858974.0,245713.0,1893852.0,3682713.0,4.0
Uttar Pradesh,Budaun,479.0,349.0,253.0,28217.0,79306.0,419179.0,141211.0,939507.0,3681896.0,4.0
Uttar Pradesh,Bulandshahr,1242.0,988.0,918.0,60527.0,171533.0,892270.0,300819.0,2569075.0,3499171.0,4.0
Uttar Pradesh,Chitrakoot,89.0,67.0,79.0,10679.0,29453.0,179047.0,49532.0,402032.0,991730.0,2.0
Uttar Pradesh,Deoria,247.0,226.0,240.0,61062.0,172036.0,1218508.0,285363.0,2889076.0,3100946.0,4.0
Uttar Pradesh,Etah,495.0,484.0,388.0,19926.0,62643.0,269885.0,116306.0,717360.0,1774480.0,3.0
Uttar Pradesh,Etawah,830.0,521.0,380.0,28534.0,79764.0,478194.0,139252.0,1129151.0,1581810.0,3.0
Uttar Pradesh,Fatehpur,339.0,259.0,249.0,26460.0,71857.0,454740.0,123288.0,926729.0,2632733.0,4.0
Uttar Pradesh,Firozabad,825.0,698.0,631.0,40297.0,114566.0,504178.0,221119.0,1481139.0,2498156.0,4.0
Uttar Pradesh,Gautam Buddha Nagar,3964.0,3699.0,4131.0,448768.0,1143614.0,12669723.0,1656331.0,49435289.0,1648115.0,3.0
Uttar Pradesh,Ghaziabad,3902.0,4693.0,4123.0,329683.0,859583.0,6214716.0,1296464.0,23365619.0,4681645.0,4.0
Uttar Pradesh,Ghazipur,296.0,268.0,345.0,64317.0,185130.0,1245630.0,299524.0,2723151.0,3620268.0,4.0
Uttar Pradesh,Gonda,254.0,277.0,181.0,34648.0,102076.0,716514.0,170132.0,1585049.0,3433919.0,4.0
Uttar Pradesh,Gorakhpur,1344.0,1317.0,1096.0,132769.0,336196.0,2251775.0,539316.0,5406501.0,4440895.0,4.0
Uttar Pradesh,Hamirpur,130.0,94.0,83.0,16985.0,44913.0,344232.0,72081.0,622970.0,1104285.0,2.0
Uttar Pradesh,Hapur,646.0,510.0,481.0,34731.0,97238.0,581262.0,166710.0,1720578.0,,
Uttar Pradesh,Hardoi,400.0,362.0,281.0,33813.0,97562.0,571963.0,166833.0,1213286.0,4092845.0,4.0
Uttar Pradesh,Hathras,464.0,410.0,346.0,24848.0,71141.0,335879.0,127615.0,879538.0,1564708.0,3.0
Uttar Pradesh,Jalaun,293.0,209.0,210.0,32085.0,82094.0,553861.0,130530.0,1037525.0,1689974.0,3.0
Uttar Pradesh,Jaunpur,582.0,595.0,681.0,78930.0,229957.0,1571188.0,376245.0,3407879.0,4494204.0,4.0
Uttar Pradesh,Jhansi,443.0,373.0,383.0,74623.0,178538.0,1211428.0,279897.0,3148561.0,1998603.0,3.0
Uttar Pradesh,Kannauj,211.0,191.0,144.0,19583.0,60722.0,514853.0,110383.0,869068.0,1656616.0,3.0
Uttar Pradesh,Kanpur Dehat,242.0,181.0,190.0,18293.0,55057.0,333549.0,99757.0,815536.0,,
Uttar Pradesh,Kanpur Nagar,2020.0,1701.0,1380.0,208389.0,511583.0,3308373.0,788847.0,11089415.0,4581268.0,4.0
Uttar Pradesh,Kasganj,246.0,231.0,261.0,15670.0,46990.0,243275.0,85463.0,561855.0,,
Uttar Pradesh,Kaushambi,245.0,195.0,178.0,12102.0,36501.0,212186.0,67498.0,492105.0,1599596.0,3.0
Uttar Pradesh,Kheri,804.0,632.0,522.0,51685.0,139817.0,1497774.0,242677.0,2158326.0,,
Uttar Pradesh,Kushinagar,274.0,361.0,306.0,60631.0,178069.0,1565053.0,294988.0,3515174.0,3564544.0,4.0
Uttar Pradesh,Lalitpur,129.0,158.0,85.0,20957.0,52158.0,445882.0,85820.0,889098.0,1221592.0,2.0
Uttar Pradesh,Lucknow,4974.0,4209.0,3183.0,380070.0,896208.0,6596093.0,1329098.0,45262941.0,4589838.0,4.0
Uttar Pradesh,Maharajganj,82.0,62.0,201.0,33481.0,116789.0,928619.0,189603.0,1919902.0,,
Uttar Pradesh,Mahoba,106.0,81.0,63.0,12930.0,33600.0,211692.0,54536.0,425468.0,875958.0,2.0
Uttar Pradesh,Mainpuri,576.0,371.0,373.0,25568.0,74458.0,460118.0,135739.0,927810.0,1868529.0,3.0
Uttar Pradesh,Mathura,1451.0,1455.0,1352.0,70100.0,196168.0,1034595.0,352252.0,3160876.0,2547184.0,4.0
Uttar Pradesh,Mau,253.0,177.0,215.0,36792.0,103587.0,698808.0,168403.0,1396961.0,2205968.0,3.0
Uttar Pradesh,Meerut,3051.0,2773.0,2681.0,123619.0,311930.0,1780920.0,509693.0,5493454.0,3443689.0,4.0
Uttar Pradesh,Mirzapur,67.0,61.0,200.0,39327.0,118790.0,755571.0,184275.0,1623873.0,2496970.0,4.0
Uttar Pradesh,Moradabad,965.0,756.0,707.0,57057.0,149856.0,919643.0,257312.0,2062728.0,4772006.0,4.0
Uttar Pradesh,Muzaffarnagar,705.0,584.0,454.0,56136.0,146672.0,869083.0,253057.0,1953211.0,4143512.0,4.0
Uttar Pradesh,Pilibhit,261.0,221.0,241.0,28407.0,76898.0,602993.0,131381.0,1110183.0,2031007.0,3.0
Uttar Pradesh,Pratapgarh,573.0,546.0,457.0,41557.0,121687.0,774725.0,208100.0,1667891.0,3209141.0,4.0
Uttar Pradesh,Prayagraj,2255.0,2370.0,2130.0,220198.0,532230.0,4127906.0,816436.0,10991559.0,5954391.0,4.0
Uttar Pradesh,Rae Bareli,295.0,339.0,409.0,34388.0,92979.0,615280.0,151785.0,1304983.0,3405559.0,4.0
Uttar Pradesh,Rampur,435.0,360.0,203.0,30312.0,78177.0,803575.0,133897.0,1125444.0,2335819.0,3.0
Uttar Pradesh,Saharanpur,666.0,535.0,477.0,73819.0,195185.0,1225677.0,332027.0,3286051.0,3466382.0,4.0
Uttar Pradesh,Sambhal,410.0,347.0,215.0,22039.0,60840.0,337180.0,107252.0,705994.0,,
Uttar Pradesh,Sant Kabeer Nagar,102.0,144.0,109.0,19906.0,61589.0,413400.0,106578.0,1019412.0,,
Uttar Pradesh,Shahjahanpur,219.0,150.0,209.0,39155.0,102828.0,616818.0,171075.0,1284912.0,,
Uttar Pradesh,Shamli,394.0,261.0,255.0,23247.0,60928.0,312402.0,105856.0,784443.0,,
Uttar Pradesh,Shravasti,51.0,56.0,56.0,5380.0,16894.0,128614.0,29560.0,269660.0,1117361.0,2.0
Uttar Pradesh,Siddharthnagar,94.0,105.0,92.0,24858.0,74730.0,580221.0,132802.0,1337871.0,,
Uttar Pradesh,Sitapur,772.0,623.0,655.0,39869.0,125826.0,2152935.0,223690.0,2090826.0,4483992.0,4.0
Uttar Pradesh,Sonbhadra,166.0,148.0,152.0,44097.0,107237.0,891063.0,163017.0,1876573.0,1862559.0,3.0
Uttar Pradesh,Sultanpur,435.0,388.0,485.0,38698.0,105768.0,758010.0,175425.0,1766784.0,3797117.0,4.0
Uttar Pradesh,Unnao,410.0,394.0,368.0,33339.0,95607.0,546698.0,163038.0,1308118.0,3108367.0,4.0
Uttar Pradesh,Varanasi,1060.0,1106.0,1664.0,206788.0,524667.0,6521344.0,777234.0,11048506.0,3676841.0,4.0
Uttarakhand,Almora,3.0,13.0,8.0,11367.0,33092.0,188035.0,55964.0,451997.0,622506.0,1.0
Uttarakhand,Bageshwar,3.0,3.0,2.0,4231.0,12260.0,60482.0,21756.0,140375.0,259898.0,1.0
Uttarakhand,Chamoli,5.0,13.0,18.0,7493.0,23274.0,111521.0,40668.0,321525.0,391605.0,1.0
Uttarakhand,Champawat,8.0,3.0,9.0,5442.0,15679.0,79185.0,25824.0,194534.0,259648.0,1.0
Uttarakhand,Dehradun,422.0,414.0,377.0,147998.0,369578.0,2214366.0,593420.0,8152466.0,1696694.0,3.0
Uttarakhand,Haridwar,822.0,769.0,597.0,104823.0,262411.0,2014257.0,408768.0,5592275.0,1890422.0,3.0
Uttarakhand,Nainital,152.0,128.0,149.0,49083.0,118824.0,678384.0,186948.0,1634838.0,954605.0,2.0
Uttarakhand,Pauri Garhwal,44.0,35.0,26.0,20425.0,56173.0,349704.0,90270.0,822986.0,687271.0,1.0
Uttarakhand,Pithoragarh,9.0,10.0,13.0,8836.0,26621.0,142204.0,46554.0,354675.0,483439.0,1.0
Uttarakhand,Rudraprayag,5.0,4.0,1.0,4263.0,12967.0,69750.0,23316.0,199945.0,242285.0,1.0
Uttarakhand,Tehri Garhwal,18.0,21.0,31.0,13030.0,37689.0,194692.0,66293.0,533806.0,618931.0,1.0
Uttarakhand,Udham Singh Nagar,540.0,803.0,502.0,100236.0,238514.0,2169914.0,351112.0,4784938.0,1648902.0,3.0
Odisha,Anugul,396.0,425.0,413.0,56617.0,150627.0,1805603.0,228339.0,3963317.0,1273821.0,2.0
Odisha,Balangir,145.0,213.0,404.0,35271.0,103334.0,1075273.0,164257.0,1993063.0,1648997.0,3.0
Odisha,Baleshwar,354.0,327.0,402.0,100919.0,271095.0,6924125.0,410789.0,9064776.0,2320529.0,3.0
Odisha,Bargarh,238.0,229.0,255.0,32489.0,95811.0,1093291.0,150139.0,1881057.0,1481255.0,2.0
Odisha,Bhadrak,188.0,282.0,320.0,58050.0,166600.0,3160750.0,265259.0,5057756.0,1506337.0,3.0
Odisha,Boudh,48.0,32.0,69.0,9077.0,27059.0,313940.0,41238.0,694832.0,,
Odisha,Cuttack,157.0,202.0,251.0,135972.0,372513.0,6040687.0,578471.0,14763558.0,2624470.0,4.0
Odisha,Deogarh,56.0,60.0,37.0,5322.0,15760.0,208829.0,25015.0,397661.0,,
Odisha,Dhenkanal,169.0,155.0,215.0,46024.0,123780.0,2704458.0,184164.0,4061264.0,1192811.0,2.0
Odisha,Gajapati,23.0,38.0,38.0,9743.0,29177.0,236975.0,49762.0,731961.0,577817.0,1.0
Odisha,Ganjam,185.0,170.0,197.0,126158.0,332190.0,3952564.0,512643.0,8156180.0,3529031.0,4.0
Odisha,Jagatsinghapur,112.0,96.0,136.0,49264.0,138170.0,2222157.0,216687.0,3765176.0,1136971.0,2.0
Odisha,Jajapur,365.0,302.0,378.0,81133.0,236643.0,4004626.0,359087.0,7602946.0,1827192.0,3.0
Odisha,Jharsuguda,295.0,238.0,190.0,32514.0,86772.0,865412.0,127804.0,2069255.0,579505.0,1.0
Odisha,Kalahandi,97.0,125.0,159.0,30605.0,88614.0,866869.0,142961.0,1794149.0,1576869.0,3.0
Odisha,Kandhamal,90.0,94.0,100.0,10809.0,32425.0,266518.0,53868.0,671549.0,733110.0,1.0
Odisha,Kendrapara,101.0,103.0,147.0,44379.0,128331.0,2020006.0,205010.0,3616668.0,1440361.0,2.0
Odisha,Kendujhar,265.0,273.0,290.0,58968.0,167750.0,2636089.0,253988.0,5135693.0,1801733.0,3.0
Odisha,Khordha,146.0,161.0,185.0,308390.0,745457.0,11727599.0,1083466.0,69110676.0,2251673.0,3.0
Odisha,Koraput,203.0,154.0,190.0,25395.0,70168.0,569387.0,113919.0,1429209.0,1379647.0,2.0
Odisha,Malkangiri,50.0,34.0,79.0,5396.0,18853.0,113153.0,36017.0,357278.0,613192.0,1.0
Odisha,Mayurbhanj,162.0,177.0,274.0,50472.0,141789.0,2196737.0,223893.0,3275239.0,2519738.0,4.0
Odisha,Nabarangpur,60.0,42.0,55.0,9466.0,31360.0,237929.0,54715.0,635400.0,1220946.0,2.0
Odisha,Nayagarh,111.0,102.0,136.0,33533.0,95412.0,2175270.0,145821.0,3084951.0,962789.0,2.0
Odisha,Nuapada,73.0,92.0,112.0,8252.0,26448.0,205727.0,46063.0,470779.0,610382.0,1.0
Odisha,Puri,423.0,441.0,459.0,69923.0,195690.0,3189218.0,311477.0,5813075.0,1698730.0,3.0
Odisha,Rayagada,102.0,93.0,145.0,21756.0,62764.0,500682.0,103064.0,1547525.0,967911.0,2.0
Odisha,Sambalpur,410.0,483.0,494.0,47017.0,120726.0,1332366.0,183534.0,3319615.0,1041099.0,2.0
Odisha,Sonepur,63.0,82.0,141.0,15900.0,46710.0,834393.0,68480.0,1218515.0,610183.0,1.0
Odisha,Sundargarh,704.0,666.0,615.0,75201.0,198716.0,1682285.0,313040.0,4278748.0,2093437.0,3.0
Puducherry,Karaikal,59.0,0.0,0.0,3628.0,11549.0,87329.0,20775.0,182655.0,200222.0,1.0
Puducherry,Puducherry,593.0,622.0,484.0,42117.0,112798.0,590321.0,195398.0,2465949.0,950289.0,2.0
Punjab,Amritsar,169.0,126.0,148.0,59685.0,171264.0,741025.0,303767.0,2373812.0,2490656.0,4.0
Punjab,Barnala,123.0,140.0,122.0,12242.0,30391.0,125750.0,51941.0,304666.0,595527.0,1.0
Punjab,Bathinda,286.0,317.0,305.0,52466.0,128070.0,683178.0,200425.0,1586613.0,1388525.0,2.0
Punjab,Faridkot,81.0,81.0,122.0,14795.0,36743.0,190244.0,61578.0,412721.0,617508.0,1.0
Punjab,Fatehgarh Sahib,85.0,73.0,94.0,14764.0,40342.0,209520.0,72422.0,587355.0,600163.0,1.0
Punjab,Fazilka,68.0,83.0,105.0,44823.0,104942.0,603805.0,168714.0,1257208.0,,
Punjab,Firozepur,183.0,221.0,204.0,19987.0,52617.0,306753.0,90278.0,691887.0,,
Punjab,Gurdaspur,86.0,78.0,68.0,21372.0,62502.0,248191.0,116534.0,660743.0,2298323.0,3.0
Punjab,Hoshiarpur,231.0,208.0,241.0,25348.0,72128.0,316258.0,129693.0,787560.0,1586625.0,3.0
Punjab,Jalandhar,188.0,116.0,167.0,57808.0,164130.0,802512.0,282191.0,2809589.0,2193590.0,3.0
Punjab,Kapurthala,154.0,189.0,296.0,18281.0,46907.0,393046.0,80875.0,1713909.0,815168.0,2.0
Punjab,Ludhiana,269.0,226.0,202.0,168625.0,454370.0,2877688.0,756590.0,11862139.0,3498739.0,4.0
Punjab,Mansa,82.0,102.0,80.0,20521.0,45716.0,272053.0,74105.0,443016.0,769751.0,1.0
Punjab,Moga,172.0,150.0,188.0,13894.0,37832.0,209027.0,69394.0,418204.0,995746.0,2.0
Punjab,Pathankot,96.0,61.0,63.0,20420.0,59669.0,393437.0,99453.0,813691.0,,
Punjab,Patiala,331.0,507.0,438.0,66507.0,169872.0,921587.0,287330.0,2317766.0,1895686.0,3.0
Punjab,Rupnagar,90.0,117.0,80.0,17004.0,46877.0,218871.0,82807.0,605680.0,684627.0,1.0
Punjab,Sangrur,220.0,248.0,346.0,37485.0,97326.0,722500.0,161513.0,1434313.0,1655169.0,3.0
Punjab,Sas Nagar,435.0,480.0,489.0,121113.0,298288.0,1991253.0,460416.0,7753929.0,,
Punjab,Shahid Bhagat Singh Nagar,119.0,100.0,105.0,7519.0,21180.0,150872.0,38821.0,307662.0,612310.0,1.0
Punjab,Sri Muktsar Sahib,159.0,151.0,184.0,21239.0,51650.0,269420.0,84164.0,537744.0,901896.0,2.0
Punjab,Tarn Taran,149.0,121.0,151.0,11244.0,33774.0,153851.0,66491.0,407197.0,1119627.0,2.0
Rajasthan,Ajmer,867.0,806.0,1194.0,118458.0,290433.0,1505948.0,482545.0,5609801.0,2583052.0,4.0
Rajasthan,Alwar,2633.0,2620.0,3514.0,203096.0,517681.0,3769019.0,825297.0,12872559.0,3674179.0,4.0
Rajasthan,Banswara,158.0,184.0,368.0,18977.0,48096.0,245345.0,82838.0,637600.0,1797485.0,3.0
Rajasthan,Baran,397.0,395.0,585.0,34380.0,84261.0,531555.0,133269.0,1616328.0,1222755.0,2.0
Rajasthan,Barmer,364.0,369.0,530.0,60424.0,167463.0,892150.0,286601.0,2948457.0,2603751.0,4.0
Rajasthan,Bharatpur,1367.0,1456.0,1767.0,68429.0,186048.0,1208023.0,329290.0,3334503.0,2548462.0,4.0
Rajasthan,Bhilwara,870.0,870.0,887.0,111753.0,276384.0,2012172.0,442746.0,7434129.0,2408523.0,3.0
Rajasthan,Bikaner,329.0,287.0,475.0,86986.0,217474.0,1204383.0,362779.0,4061801.0,2363937.0,3.0
Rajasthan,Bundi,287.0,246.0,381.0,33190.0,86749.0,499599.0,142309.0,1837333.0,1110906.0,2.0
Rajasthan,Chittorgarh,766.0,759.0,873.0,59344.0,145818.0,944291.0,231108.0,2807484.0,,
Rajasthan,Churu,260.0,209.0,323.0,65574.0,168353.0,859176.0,275729.0,2588168.0,2039547.0,3.0
Rajasthan,Dausa,660.0,638.0,926.0,75701.0,195832.0,1618623.0,308670.0,5731768.0,1634409.0,3.0
Rajasthan,Dholpur,453.0,423.0,506.0,22160.0,60029.0,342026.0,101624.0,978788.0,,
Rajasthan,Dungarpur,102.0,133.0,145.0,17191.0,43910.0,180568.0,76324.0,494694.0,1388552.0,2.0
Rajasthan,Ganganagar,333.0,366.0,488.0,89175.0,210336.0,1496484.0,310884.0,4047863.0,1969168.0,3.0
Rajasthan,Hanumangarh,261.0,260.0,331.0,61196.0,144397.0,1079330.0,216674.0,2995476.0,1774692.0,3.0
Rajasthan,Jaipur,699.0,729.0,1165.0,900773.0,2060175.0,17818081.0,2966508.0,127297935.0,6626178.0,4.0
Rajasthan,Jaisalmer,192.0,133.0,218.0,21619.0,61453.0,323869.0,105533.0,1210491.0,669919.0,1.0
Rajasthan,Jalore,259.0,242.0,386.0,35230.0,103490.0,421720.0,180293.0,1356832.0,,
Rajasthan,Jhalawar,518.0,469.0,659.0,34416.0,92752.0,657546.0,155961.0,2307400.0,1411129.0,2.0
Rajasthan,Jhunjhunu,454.0,408.0,651.0,98912.0,238956.0,1363349.0,386643.0,5316322.0,,
Rajasthan,Jodhpur,305.0,297.0,418.0,172648.0,434178.0,2177289.0,695569.0,8950225.0,3687165.0,4.0
Rajasthan,Karauli,541.0,572.0,632.0,38670.0,102283.0,692885.0,164040.0,2187284.0,1458248.0,2.0
Rajasthan,Kota,1312.0,1290.0,1914.0,141411.0,318085.0,2129008.0,483202.0,8655674.0,1951014.0,3.0
Rajasthan,Nagaur,577.0,533.0,577.0,101581.0,259361.0,1537571.0,437492.0,4335265.0,3307743.0,4.0
Rajasthan,Pali,454.0,440.0,697.0,61805.0,162537.0,742787.0,268302.0,2286965.0,2037573.0,3.0
Rajasthan,Pratapgarh,97.0,108.0,169.0,13060.0,32514.0,228911.0,55077.0,507023.0,3209141.0,4.0
Rajasthan,Rajsamand,163.0,250.0,517.0,29111.0,78583.0,422919.0,135151.0,1282671.0,1156597.0,2.0
Rajasthan,Sawai Madhopur,634.0,642.0,849.0,54942.0,133291.0,1027459.0,209020.0,3415019.0,1335551.0,2.0
Rajasthan,Sikar,856.0,873.0,1244.0,133983.0,318166.0,1931477.0,522371.0,6417851.0,2677333.0,4.0
Rajasthan,Sirohi,219.0,191.0,263.0,30697.0,79721.0,398757.0,129859.0,1193505.0,1036346.0,2.0
Rajasthan,Tonk,297.0,298.0,549.0,51391.0,134480.0,980320.0,216178.0,3665225.0,1421326.0,2.0
Rajasthan,Udaipur,836.0,871.0,1121.0,111919.0,258915.0,1539568.0,422167.0,5960746.0,3068420.0,4.0
Sikkim,East,68.0,21.0,23.0,12749.0,36124.0,208920.0,61820.0,1499096.0,,
Sikkim,North,2.0,0.0,2.0,1575.0,5322.0,36313.0,9022.0,96464.0,,
Sikkim,South,9.0,10.0,7.0,3679.0,11031.0,87252.0,21043.0,227459.0,,
Sikkim,West,0.0,2.0,0.0,2048.0,6479.0,49204.0,12746.0,125018.0,,
Tamil Nadu,Ariyalur,22.0,54.0,64.0,9211.0,32852.0,143939.0,60040.0,389768.0,754894.0,1.0
Tamil Nadu,Chennai,4158.0,3891.0,3618.0,292004.0,830586.0,20270865.0,1340762.0,49990185.0,4646732.0,4.0
Tamil Nadu,Coimbatore,656.0,820.0,819.0,170306.0,495350.0,4777586.0,868832.0,16142363.0,3458045.0,4.0
Tamil Nadu,Cuddalore,235.0,255.0,184.0,43486.0,138966.0,707760.0,247650.0,1694344.0,2605914.0,4.0
Tamil Nadu,Dharmapuri,218.0,180.0,80.0,33682.0,111273.0,557317.0,194617.0,1604687.0,1506843.0,3.0
Tamil Nadu,Dindigul,356.0,281.0,218.0,34025.0,109937.0,593899.0,204661.0,1567579.0,2159775.0,3.0
Tamil Nadu,Erode,264.0,269.0,263.0,53761.0,157469.0,943055.0,279035.0,3065623.0,2251744.0,3.0
Tamil Nadu,Kancheepuram,437.0,331.0,231.0,136352.0,385091.0,2696478.0,626872.0,8897844.0,3998252.0,4.0
Tamil Nadu,Kanniyakumari,296.0,332.0,502.0,28347.0,87667.0,367332.0,171611.0,1104285.0,1870374.0,3.0
Tamil Nadu,Karur,136.0,131.0,109.0,19098.0,58673.0,351711.0,102936.0,901476.0,1064493.0,2.0
Tamil Nadu,Krishnagiri,234.0,182.0,212.0,66958.0,212859.0,1408805.0,379857.0,3720976.0,1879809.0,3.0
Tamil Nadu,Madurai,894.0,901.0,645.0,72582.0,224783.0,1140773.0,402474.0,3723567.0,3038252.0,4.0
Tamil Nadu,Nagapattinam,205.0,242.0,198.0,15626.0,54318.0,225590.0,101777.0,676617.0,1616450.0,3.0
Tamil Nadu,Namakkal,138.0,97.0,98.0,38529.0,112549.0,768989.0,191510.0,1706989.0,1726601.0,3.0
Tamil Nadu,Perambalur,68.0,57.0,62.0,8476.0,27434.0,115050.0,50493.0,366169.0,565223.0,1.0
Tamil Nadu,Pudukkottai,91.0,111.0,136.0,16067.0,55252.0,321455.0,103610.0,772851.0,1618345.0,3.0
Tamil Nadu,Ramanathapuram,161.0,143.0,150.0,14636.0,49864.0,217132.0,93243.0,622369.0,1353445.0,2.0
Tamil Nadu,Salem,288.0,351.0,356.0,88288.0,257624.0,1733863.0,442045.0,5070774.0,3482056.0,4.0
Tamil Nadu,Sivaganga,181.0,136.0,147.0,16919.0,57822.0,302441.0,106993.0,810175.0,1339101.0,2.0
Tamil Nadu,Thanjavur,290.0,233.0,178.0,36258.0,113549.0,770675.0,208798.0,1879275.0,2405890.0,3.0
Tamil Nadu,The Nilgiris,58.0,48.0,48.0,13351.0,41312.0,323188.0,80235.0,723435.0,735394.0,1.0
Tamil Nadu,Theni,213.0,179.0,154.0,18253.0,60522.0,272723.0,111186.0,721869.0,1245899.0,2.0
Tamil Nadu,Thiruvallur,262.0,345.0,190.0,215622.0,625908.0,3565661.0,1041642.0,12730785.0,3728104.0,4.0
Tamil Nadu,Thiruvarur,109.0,142.0,129.0,11170.0,39202.0,174588.0,75272.0,491496.0,1264277.0,2.0
Tamil Nadu,Thoothukkudi,465.0,317.0,207.0,25509.0,82778.0,327710.0,152572.0,951829.0,1750176.0,3.0
Tamil Nadu,Tiruchirappalli,531.0,609.0,487.0,62230.0,193798.0,1258859.0,339829.0,3908351.0,,
Tamil Nadu,Tirunelveli,841.0,721.0,592.0,28006.0,85506.0,426834.0,158258.0,1032159.0,3077233.0,4.0
Tamil Nadu,Tiruppur,338.0,312.0,310.0,87652.0,273869.0,2026468.0,488697.0,5860786.0,2479052.0,4.0
Tamil Nadu,Tiruvannamalai,313.0,259.0,183.0,40279.0,129411.0,565542.0,230261.0,1627070.0,2464875.0,4.0
Tamil Nadu,Vellore,540.0,411.0,277.0,42137.0,126690.0,757408.0,225181.0,2879117.0,3936331.0,4.0
Tamil Nadu,Viluppuram,470.0,421.0,285.0,31546.0,100564.0,495095.0,181301.0,1390181.0,3458873.0,4.0
Tamil Nadu,Virudhunagar,191.0,166.0,150.0,27079.0,87060.0,356201.0,158388.0,1094894.0,1942288.0,3.0
Telangana,Adilabad,103.0,135.0,115.0,20180.0,52692.0,291415.0,90082.0,1038221.0,,
Telangana,Bhadradri Kothagudem,183.0,146.0,194.0,57366.0,143331.0,951054.0,240218.0,3598657.0,,
Telangana,Hyderabad,2509.0,2229.0,2511.0,655175.0,1638436.0,20849768.0,2483843.0,196496204.0,3943323.0,4.0
Telangana,Jagtial,147.0,89.0,170.0,51382.0,114424.0,639392.0,186557.0,2311994.0,,
Telangana,Jaya Shankar Bhalupally,71.0,82.0,51.0,21824.0,52428.0,393635.0,83741.0,1629114.0,,
Telangana,Jogulamba Gadwal,244.0,275.0,427.0,21686.0,57206.0,336402.0,98743.0,1405757.0,,
Telangana,Kamareddy,155.0,158.0,240.0,38028.0,96369.0,575547.0,162054.0,2462940.0,,
Telangana,Karimnagar,237.0,291.0,170.0,100028.0,218609.0,1642647.0,334300.0,6072373.0,3776269.0,4.0
Telangana,Khammam,352.0,293.0,297.0,84941.0,206049.0,1185890.0,340747.0,5052277.0,,
Telangana,Kumuram Bheem Asifabad,33.0,59.0,47.0,13448.0,36654.0,235910.0,62210.0,825331.0,,
Telangana,Mahabubabad,100.0,104.0,78.0,32847.0,80528.0,486505.0,133329.0,2188158.0,,
Telangana,Mahbubnagar,287.0,255.0,142.0,45445.0,117364.0,691212.0,198442.0,2973008.0,4053028.0,4.0
Telangana,Medak,99.0,105.0,120.0,29694.0,79145.0,498656.0,131276.0,2119345.0,,
Telangana,Mulugu,0.0,0.0,24.0,10977.0,27532.0,172122.0,47202.0,708673.0,,
Telangana,Nagarkurnool,111.0,256.0,105.0,32570.0,93752.0,565584.0,165017.0,2393310.0,,
Telangana,Nalgonda,179.0,176.0,268.0,84459.0,211184.0,1307898.0,351793.0,5219036.0,3488809.0,4.0
Telangana,Narayanpet,0.0,0.0,45.0,13945.0,40074.0,251990.0,69951.0,949749.0,,
Telangana,Nirmal,84.0,64.0,90.0,25519.0,62468.0,934613.0,105257.0,1477822.0,,
Telangana,Nizamabad,530.0,582.0,500.0,77516.0,186351.0,924420.0,320572.0,4269844.0,2551335.0,4.0
Telangana,Rajanna Sircilla,91.0,53.0,82.0,32891.0,74849.0,476348.0,119857.0,1680472.0,,
Telangana,Sangareddy,259.0,214.0,362.0,142807.0,346529.0,2075714.0,542540.0,10089878.0,,
Telangana,Siddipet,147.0,186.0,342.0,61535.0,152281.0,995403.0,245168.0,4247130.0,,
Telangana,Suryapet,154.0,155.0,153.0,52906.0,131272.0,777973.0,215377.0,2907516.0,,
Telangana,Vikarabad,78.0,65.0,111.0,29719.0,82823.0,488502.0,146927.0,1859701.0,,
Telangana,Wanaparthy,142.0,193.0,155.0,20785.0,56006.0,368756.0,95305.0,1380136.0,,
Telangana,Warangal,269.0,387.0,347.0,170541.0,388010.0,3342145.0,595870.0,15087334.0,,
Tripura,Dhalai,18.0,19.0,14.0,3448.0,13219.0,74883.0,22808.0,165397.0,378230.0,1.0
Tripura,Gomati,35.0,41.0,48.0,4509.0,16370.0,101579.0,26688.0,229833.0,,
Tripura,Khowai,10.0,10.0,20.0,3017.0,11327.0,62099.0,18592.0,130688.0,,
Tripura,Sepahijala,20.0,15.0,40.0,4664.0,18086.0,120256.0,30379.0,254406.0,,
Tripura,Unakoti,11.0,21.0,22.0,2484.0,8750.0,66340.0,15593.0,105179.0,,
West Bengal,Alipurduar,333.0,258.0,258.0,22238.0,64136.0,567429.0,108508.0,998880.0,,
West Bengal,Bankura,127.0,150.0,150.0,110008.0,288329.0,7980077.0,456100.0,11165930.0,3596674.0,4.0
West Bengal,Birbhum,310.0,319.0,319.0,94598.0,265201.0,15606755.0,415614.0,12499689.0,3502404.0,4.0
West Bengal,Darjiling,153.0,164.0,164.0,51832.0,145181.0,857876.0,245151.0,5129603.0,1846823.0,3.0
West Bengal,East Bardhaman,387.0,316.0,316.0,119528.0,340321.0,6247113.0,535655.0,21983040.0,7717563.0,4.0
West Bengal,East Medinipur,542.0,452.0,452.0,131380.0,389583.0,5611731.0,632173.0,10657092.0,5095875.0,4.0
West Bengal,Hooghly,569.0,390.0,390.0,148033.0,480952.0,5737808.0,755631.0,13099483.0,5519145.0,4.0
West Bengal,Howrah,1289.0,1192.0,1192.0,136589.0,410583.0,3644687.0,654600.0,8655694.0,4850029.0,4.0
West Bengal,Jalpaiguri,247.0,181.0,181.0,31035.0,92118.0,888020.0,156901.0,1647284.0,3872846.0,4.0
West Bengal,Jhargram,49.0,53.0,53.0,18243.0,53153.0,1002427.0,83390.0,1439259.0,,
West Bengal,Kalimpong,52.0,46.0,46.0,3090.0,10477.0,44220.0,20625.0,143866.0,,
West Bengal,Koch Bihar,336.0,248.0,248.0,41690.0,131010.0,1384661.0,221552.0,2254455.0,,
West Bengal,Kolkata,3493.0,2608.0,2608.0,306503.0,868126.0,14679383.0,1336585.0,61291479.0,4496694.0,4.0
West Bengal,Maldah,560.0,438.0,438.0,99061.0,266012.0,4329211.0,427905.0,7216339.0,3988845.0,4.0
West Bengal,Murshidabad,601.0,398.0,398.0,187824.0,478812.0,9021522.0,830132.0,14965007.0,7103807.0,4.0
West Bengal,Nadia,611.0,636.0,636.0,136396.0,385179.0,6616361.0,633794.0,9990645.0,5167600.0,4.0
West Bengal,Purulia,131.0,93.0,93.0,73427.0,190392.0,4192828.0,295685.0,5536498.0,,
West Bengal,South Dinajpur,96.0,90.0,90.0,36948.0,115269.0,2069038.0,185263.0,2369163.0,1676276.0,3.0
West Bengal,West Medinipur,792.0,724.0,724.0,127203.0,361979.0,5361363.0,572195.0,10060782.0,5913457.0,4.0
