State,District,Theft_2017,Murder_2017,RegisteredUsers_2017,Theft_2018,Murder_2018,RegisteredUsers_2018,TransactionVolume_2018,Theft_2019,Murder_2019,RegisteredUsers_2019,TransactionVolume_2019,Theft_2022,Murder_2022,RegisteredUsers_2022,TransactionVolume_2022,Theft_2023,Murder_2023,RegisteredUsers_2023,TransactionVolume_2023
Andhra Pradesh,Anantapur,455.0,113.0,241192.0,370.0,114.0,612162.0,5677293.0,422.0,105.0,971850.0,19124004.0,305.0,51.0,2228505.0,180177478.0,237.0,30.0,2619335.0,392060927.0
Andhra Pradesh,Chittoor,411.0,70.0,309541.0,368.0,60.0,812314.0,7479677.0,401.0,68.0,1270907.0,31918890.0,374.0,30.0,2755784.0,262143000.0,428.0,47.0,3214678.0,572861276.0
Andhra Pradesh,East Godavari,1441.0,83.0,350356.0,1171.0,85.0,839277.0,8445281.0,1442.0,73.0,1329664.0,25962449.0,1780.0,76.0,2965296.0,246294864.0,1610.0,71.0,3465605.0,557934634.0
Andhra Pradesh,Guntur,1453.0,132.0,317065.0,1202.0,112.0,802394.0,6363182.0,1327.0,100.0,1289678.0,26555462.0,1936.0,119.0,2900895.0,259878825.0,1734.0,168.0,3382454.0,557253343.0
Andhra Pradesh,Krishna,437.0,35.0,323673.0,390.0,41.0,833694.0,7325017.0,427.0,50.0,1331602.0,32000329.0,1727.0,77.0,2941585.0,282929824.0,1438.0,68.0,3423998.0,596584191.0
Andhra Pradesh,Kurnool,489.0,93.0,240133.0,386.0,88.0,599422.0,7077781.0,398.0,74.0,936293.0,20230348.0,602.0,85.0,2114023.0,158342004.0,455.0,71.0,2484451.0,350587699.0
Andhra Pradesh,Prakasam,518.0,91.0,189949.0,540.0,81.0,474260.0,4287261.0,549.0,48.0,748655.0,13897833.0,538.0,49.0,1719910.0,140091639.0,388.0,48.0,2022873.0,311438753.0
Andhra Pradesh,Spsr Nellore,833.0,67.0,194475.0,760.0,72.0,491908.0,4435953.0,607.0,58.0,775440.0,16503474.0,662.0,54.0,1740294.0,187183056.0,488.0,53.0,2037823.0,344971795.0
Andhra Pradesh,Srikakulam,102.0,30.0,143839.0,116.0,16.0,345775.0,3345479.0,152.0,22.0,552007.0,10814909.0,154.0,23.0,1263204.0,90538455.0,152.0,26.0,1492803.0,197516933.0
Andhra Pradesh,Tirupati,587.0,38.0,0.0,433.0,23.0,0.0,0.0,508.0,26.0,0.0,0.0,762.0,60.0,0.0,0.0,775.0,38.0,0.0,0.0
Andhra Pradesh,Visakhapatnam,1475.0,79.0,497187.0,1158.0,74.0,1174517.0,11083658.0,897.0,72.0,1763581.0,61686425.0,970.0,83.0,3732544.0,390845365.0,828.0,77.0,4349723.0,782746691.0
Andhra Pradesh,Vizianagaram,191.0,28.0,128905.0,175.0,29.0,313334.0,3307497.0,229.0,25.0,490683.0,11930376.0,357.0,28.0,1094782.0,83690232.0,438.0,26.0,1289838.0,183570238.0
Andhra Pradesh,West Godavari,870.0,54.0,213335.0,767.0,52.0,523372.0,4482887.0,914.0,63.0,843835.0,13007531.0,1215.0,46.0,1980446.0,173236379.0,1002.0,54.0,2319971.0,389415589.0
Andhra Pradesh,Ysr,520.0,88.0,186800.0,427.0,65.0,460590.0,4468146.0,338.0,57.0,717865.0,13548224.0,514.0,87.0,1628595.0,131258932.0,412.0,97.0,1905157.0,286399188.0
Arunachal Pradesh,Anjaw,5.0,1.0,278.0,7.0,1.0,934.0,293.0,4.0,0.0,1747.0,14236.0,7.0,1.0,4310.0,114534.0,9.0,0.0,5083.0,272762.0
Arunachal Pradesh,Changlang,26.0,8.0,1208.0,13.0,4.0,5210.0,33373.0,18.0,2.0,11262.0,99401.0,28.0,8.0,32646.0,846653.0,23.0,1.0,39144.0,2629222.0
Arunachal Pradesh,Dibang Valley,1.0,1.0,66.0,0.0,0.0,211.0,139.0,0.0,0.0,320.0,669.0,2.0,0.0,789.0,12812.0,1.0,1.0,950.0,59276.0
Arunachal Pradesh,Kamle,3.0,0.0,22.0,2.0,2.0,141.0,366.0,2.0,1.0,373.0,2481.0,4.0,1.0,1367.0,65385.0,3.0,3.0,1657.0,228930.0
Arunachal Pradesh,Kurung Kumey,7.0,7.0,97.0,1.0,2.0,385.0,866.0,2.0,2.0,725.0,5089.0,7.0,2.0,2091.0,49406.0,5.0,1.0,2483.0,179525.0
Arunachal Pradesh,Lohit,29.0,1.0,1207.0,26.0,7.0,4416.0,36572.0,11.0,3.0,8454.0,88375.0,13.0,2.0,23429.0,909496.0,15.0,1.0,27954.0,2555597.0
Arunachal Pradesh,Longding,17.0,3.0,256.0,6.0,4.0,1152.0,18824.0,5.0,2.0,2201.0,35318.0,4.0,2.0,6882.0,217532.0,9.0,0.0,8327.0,565070.0
Arunachal Pradesh,Lower Dibang Valley,9.0,2.0,601.0,7.0,2.0,2314.0,10234.0,14.0,4.0,4650.0,30914.0,19.0,0.0,13811.0,438095.0,15.0,2.0,16456.0,1422660.0
Arunachal Pradesh,Lower Siang,7.0,1.0,270.0,8.0,0.0,1123.0,9092.0,7.0,2.0,2201.0,19332.0,6.0,2.0,5917.0,153754.0,8.0,1.0,7120.0,502800.0
Arunachal Pradesh,Namsai,29.0,7.0,737.0,19.0,9.0,3153.0,16950.0,14.0,8.0,6029.0,49980.0,35.0,9.0,17064.0,610420.0,22.0,10.0,20361.0,1745924.0
Arunachal Pradesh,Papum Pare,266.0,16.0,7649.0,325.0,9.0,26298.0,138093.0,272.0,10.0,51342.0,418586.0,400.0,10.0,136357.0,6176991.0,462.0,8.0,159264.0,18897123.0
Arunachal Pradesh,Siang,11.0,0.0,192.0,4.0,1.0,651.0,2025.0,5.0,0.0,1390.0,10332.0,13.0,1.0,4696.0,132611.0,7.0,1.0,5637.0,457913.0
Arunachal Pradesh,Tawang,8.0,1.0,1525.0,9.0,0.0,5023.0,27600.0,8.0,1.0,8048.0,83236.0,1.0,0.0,18817.0,513277.0,1.0,2.0,22104.0,1511860.0
Arunachal Pradesh,Tirap,14.0,3.0,557.0,5.0,1.0,2082.0,11895.0,2.0,4.0,4261.0,41453.0,6.0,1.0,12127.0,304370.0,3.0,4.0,14506.0,884366.0
Assam,Bajali,0.0,0.0,0.0,0.0,0.0,0.0,0.0,0.0,0.0,0.0,0.0,47.0,3.0,0.0,0.0,64.0,11.0,0.0,0.0
Assam,Baksa,121.0,30.0,6082.0,153.0,27.0,24926.0,172533.0,171.0,35.0,46215.0,345039.0,48.0,15.0,124070.0,3791185.0,74.0,12.0,148269.0,11507984.0
Assam,Barpeta,639.0,50.0,20485.0,609.0,57.0,67729.0,541412.0,742.0,47.0,116286.0,1049575.0,228.0,31.0,294210.0,17103772.0,192.0,32.0,348707.0,47108796.0
Assam,Biswanath,149.0,38.0,5164.0,131.0,39.0,19050.0,129729.0,151.0,44.0,33906.0,288046.0,72.0,35.0,88588.0,2513240.0,81.0,48.0,105545.0,7656319.0
Assam,Bongaigaon,386.0,16.0,9724.0,433.0,32.0,29773.0,184202.0,329.0,18.0,51420.0,395850.0,270.0,21.0,133489.0,6366028.0,306.0,19.0,158662.0,19124289.0
Assam,Cachar,733.0,53.0,19567.0,1023.0,57.0,64241.0,451497.0,1096.0,67.0,111470.0,900968.0,947.0,60.0,282643.0,9913555.0,782.0,44.0,334056.0,29631972.0
Assam,Charaideo,80.0,32.0,4366.0,51.0,27.0,15161.0,106198.0,88.0,30.0,26316.0,223997.0,74.0,33.0,66846.0,1967650.0,57.0,25.0,79777.0,4585952.0
Assam,Chirang,144.0,13.0,3487.0,123.0,23.0,11867.0,65927.0,88.0,23.0,21489.0,160952.0,105.0,14.0,60134.0,2326559.0,43.0,13.0,71942.0,7060037.0
Assam,Darrang,319.0,34.0,8050.0,203.0,26.0,27070.0,187273.0,215.0,23.0,45755.0,335222.0,167.0,31.0,118372.0,6678937.0,120.0,31.0,141177.0,20390696.0
Assam,Dhemaji,147.0,14.0,6623.0,166.0,21.0,24052.0,146436.0,177.0,26.0,43124.0,330098.0,111.0,17.0,112754.0,2947324.0,94.0,20.0,134064.0,8523681.0
Assam,Dhubri,689.0,46.0,11421.0,646.0,23.0,36652.0,260150.0,907.0,43.0,62477.0,480758.0,286.0,35.0,170279.0,8020649.0,248.0,30.0,202576.0,28264348.0
Assam,Dibrugarh,477.0,54.0,21182.0,556.0,74.0,62656.0,359187.0,710.0,67.0,104663.0,835663.0,451.0,56.0,256050.0,9291926.0,352.0,54.0,302007.0,19314106.0
Assam,Dima Hasao,0.0,11.0,2245.0,46.0,10.0,7915.0,44145.0,46.0,8.0,14831.0,141529.0,23.0,5.0,39528.0,1056667.0,19.0,12.0,46923.0,3336874.0
Assam,Goalpara,265.0,22.0,10420.0,379.0,40.0,33006.0,224711.0,348.0,34.0,56285.0,471010.0,260.0,23.0,152321.0,7485614.0,133.0,26.0,182003.0,24996384.0
Assam,Golaghat,394.0,45.0,10102.0,599.0,57.0,34918.0,192818.0,388.0,49.0,62401.0,437723.0,113.0,23.0,161948.0,3982932.0,141.0,37.0,192763.0,11893002.0
Assam,Hailakandi,132.0,19.0,5700.0,142.0,20.0,20697.0,109195.0,227.0,18.0,36398.0,228733.0,148.0,13.0,95220.0,4180616.0,196.0,13.0,112961.0,11032702.0
Assam,Hojai,207.0,28.0,7571.0,232.0,21.0,23708.0,136650.0,181.0,39.0,41444.0,304947.0,189.0,27.0,105945.0,3730140.0,193.0,31.0,125540.0,11628026.0
Assam,Jorhat,666.0,43.0,16442.0,577.0,40.0,48594.0,276580.0,587.0,56.0,78731.0,607779.0,404.0,37.0,187799.0,6717436.0,149.0,34.0,221581.0,12896674.0
Assam,Kamrup,528.0,44.0,15241.0,811.0,65.0,54910.0,397714.0,822.0,40.0,95973.0,854236.0,573.0,50.0,242982.0,9735569.0,900.0,57.0,288710.0,26687210.0
Assam,Karbi Anglong,128.0,28.0,5694.0,214.0,20.0,20131.0,123796.0,170.0,29.0,35507.0,303580.0,119.0,25.0,95739.0,3130857.0,104.0,19.0,113975.0,7822236.0
Assam,Karimganj,259.0,32.0,7367.0,274.0,45.0,29208.0,154401.0,378.0,38.0,54439.0,352020.0,208.0,32.0,148828.0,5096763.0,151.0,35.0,176626.0,16554948.0
Assam,Kheri,265.0,41.0,8143.0,183.0,28.0,31154.0,192588.0,340.0,47.0,56008.0,418535.0,205.0,35.0,146560.0,4180336.0,129.0,32.0,174858.0,13730059.0
Assam,Kokrajhar,310.0,32.0,6566.0,263.0,31.0,21029.0,137341.0,273.0,27.0,36818.0,286233.0,214.0,37.0,100303.0,3963142.0,130.0,29.0,119832.0,13328889.0
Assam,Majuli,16.0,0.0,1274.0,14.0,4.0,4861.0,35075.0,15.0,7.0,8656.0,68943.0,18.0,4.0,22458.0,500316.0,17.0,2.0,26866.0,1295946.0
Assam,Morigaon,257.0,42.0,0.0,389.0,35.0,0.0,0.0,353.0,37.0,0.0,0.0,273.0,30.0,0.0,0.0,222.0,25.0,0.0,0.0
Assam,Nagaon,718.0,68.0,19619.0,728.0,78.0,66306.0,749827.0,744.0,70.0,129371.0,1043342.0,569.0,58.0,330283.0,11108665.0,525.0,49.0,392625.0,36512506.0
Assam,Nalbari,274.0,14.0,6874.0,263.0,24.0,24925.0,148121.0,260.0,16.0,44217.0,313556.0,254.0,19.0,111929.0,3033131.0,249.0,20.0,132565.0,9840971.0
Assam,Sonitpur,419.0,54.0,18986.0,501.0,46.0,62218.0,416370.0,399.0,56.0,105050.0,946185.0,261.0,62.0,258067.0,10804767.0,232.0,47.0,304871.0,26400219.0
Assam,Tamulpur,0.0,0.0,0.0,0.0,0.0,0.0,0.0,0.0,0.0,0.0,0.0,46.0,15.0,0.0,0.0,36.0,8.0,0.0,0.0
Assam,Tinsukia,745.0,56.0,15998.0,672.0,57.0,51108.0,326051.0,709.0,60.0,86763.0,716548.0,666.0,59.0,219077.0,5947438.0,278.0,60.0,259521.0,16890376.0
Assam,Udalguri,197.0,23.0,4768.0,157.0,33.0,19336.0,134268.0,225.0,35.0,35735.0,255166.0,107.0,25.0,95812.0,3191238.0,85.0,25.0,114587.0,8963542.0
Bihar,Araria,342.0,47.0,30576.0,401.0,61.0,95297.0,617576.0,530.0,62.0,168149.0,1379411.0,752.0,82.0,456566.0,24823208.0,825.0,74.0,537719.0,74081291.0
Bihar,Arwal,131.0,11.0,11087.0,163.0,9.0,32098.0,245956.0,218.0,18.0,51903.0,631699.0,169.0,16.0,125818.0,5266281.0,178.0,18.0,148277.0,12976538.0
Bihar,Banka,212.0,64.0,19504.0,255.0,75.0,62041.0,308399.0,355.0,59.0,108516.0,742828.0,317.0,53.0,284021.0,11883649.0,423.0,52.0,335304.0,29964733.0
Bihar,Begusarai,567.0,88.0,57409.0,601.0,118.0,155497.0,889100.0,643.0,100.0,251505.0,2050279.0,653.0,110.0,608446.0,28081739.0,812.0,87.0,713349.0,73600597.0
Bihar,Bhagalpur,987.0,75.0,76063.0,890.0,65.0,195057.0,1322527.0,993.0,71.0,311744.0,2864737.0,1406.0,96.0,752449.0,40919750.0,1287.0,62.0,884051.0,85883784.0
Bihar,Bhojpur,647.0,87.0,50363.0,818.0,111.0,143568.0,855146.0,868.0,90.0,230828.0,2011687.0,1322.0,100.0,556334.0,19666712.0,1286.0,98.0,654621.0,54553169.0
Bihar,Buxar,486.0,44.0,27689.0,557.0,59.0,81116.0,464483.0,542.0,50.0,133361.0,1096970.0,536.0,37.0,324669.0,11736101.0,594.0,47.0,382288.0,31157279.0
Bihar,Chhatrapati Sambhajinagar,208.0,40.0,42349.0,284.0,49.0,123845.0,896125.0,412.0,59.0,204230.0,2275859.0,829.0,79.0,499993.0,24280686.0,823.0,67.0,589768.0,65930944.0
Bihar,Darbhanga,553.0,36.0,74414.0,568.0,64.0,202521.0,1469109.0,734.0,71.0,332707.0,3353507.0,1074.0,64.0,824935.0,41797002.0,985.0,60.0,967610.0,101510194.0
Bihar,Gaya,1423.0,167.0,91015.0,1440.0,148.0,245773.0,2200582.0,1544.0,150.0,398678.0,4848181.0,2148.0,144.0,946050.0,45287741.0,2109.0,102.0,1110224.0,121217182.0
Bihar,Gopalganj,354.0,69.0,41306.0,436.0,83.0,125180.0,790613.0,611.0,70.0,221572.0,1998947.0,878.0,61.0,571551.0,28953201.0,878.0,39.0,672897.0,75014869.0
Bihar,Jamui,116.0,49.0,23266.0,161.0,53.0,70521.0,383181.0,240.0,68.0,122675.0,1228761.0,307.0,41.0,309995.0,14982421.0,325.0,46.0,365481.0,39725176.0
Bihar,Jehanabad,255.0,40.0,20394.0,353.0,47.0,56497.0,463220.0,362.0,46.0,92507.0,1049966.0,406.0,29.0,223724.0,9392653.0,523.0,27.0,263504.0,23692290.0
Bihar,Kaimur Bhabua,337.0,38.0,22464.0,420.0,63.0,66307.0,463448.0,432.0,40.0,111817.0,1078244.0,396.0,22.0,274984.0,9719716.0,552.0,38.0,324867.0,28855115.0
Bihar,Katihar,737.0,90.0,44233.0,731.0,94.0,124680.0,974220.0,622.0,89.0,213750.0,2423962.0,842.0,67.0,542563.0,32280008.0,960.0,68.0,639228.0,91114983.0
Bihar,Khagaria,231.0,56.0,25026.0,190.0,37.0,70139.0,494246.0,300.0,54.0,115815.0,1050337.0,377.0,63.0,296763.0,13311755.0,488.0,57.0,350637.0,37384068.0
Bihar,Kishanganj,320.0,39.0,16507.0,390.0,32.0,54620.0,331569.0,290.0,34.0,98189.0,837557.0,289.0,44.0,266604.0,14275856.0,310.0,28.0,313785.0,41578002.0
Bihar,Lakhisarai,84.0,51.0,18119.0,144.0,37.0,50294.0,351541.0,212.0,43.0,80730.0,733463.0,186.0,39.0,192835.0,7350608.0,253.0,31.0,226156.0,20344239.0
Bihar,Madhepura,315.0,64.0,26881.0,314.0,76.0,75876.0,564767.0,363.0,98.0,131288.0,1195387.0,741.0,73.0,345865.0,16771434.0,774.0,86.0,407185.0,49996458.0
Bihar,Madhubani,466.0,60.0,66664.0,427.0,76.0,195036.0,1294505.0,643.0,56.0,328630.0,3186481.0,837.0,68.0,828561.0,40624108.0,940.0,82.0,975263.0,103151801.0
Bihar,Munger,165.0,56.0,32219.0,206.0,45.0,84548.0,478839.0,206.0,38.0,131943.0,1107744.0,261.0,56.0,307956.0,11550015.0,312.0,43.0,360745.0,30059177.0
Bihar,Muzaffarpur,2731.0,151.0,125298.0,3049.0,142.0,309416.0,2789424.0,2952.0,162.0,498548.0,5950126.0,2852.0,140.0,1186500.0,64939338.0,3307.0,140.0,1391427.0,156485899.0
Bihar,Nalanda,847.0,95.0,75201.0,798.0,85.0,189924.0,2078306.0,905.0,113.0,294598.0,3818164.0,1218.0,75.0,694505.0,25132845.0,1476.0,99.0,814591.0,60217534.0
Bihar,Pashchim Champaran,596.0,72.0,67656.0,789.0,48.0,197074.0,1531433.0,834.0,77.0,334931.0,3618849.0,989.0,37.0,858644.0,45434727.0,955.0,61.0,1011106.0,128163005.0
Bihar,Patna,5445.0,268.0,425009.0,6635.0,296.0,964432.0,9464518.0,8040.0,337.0,1397342.0,51956124.0,9230.0,311.0,2988174.0,617072079.0,11584.0,299.0,3464540.0,362030277.0
Bihar,Purbi Champaran,1024.0,94.0,87561.0,1231.0,91.0,252394.0,1904136.0,1455.0,110.0,431458.0,4468397.0,2099.0,146.0,1133269.0,60457561.0,2258.0,155.0,1335289.0,175731582.0
Bihar,Purnea,500.0,91.0,0.0,442.0,80.0,0.0,0.0,636.0,113.0,0.0,0.0,1343.0,80.0,0.0,0.0,1497.0,75.0,0.0,0.0
Bihar,Rohtas,1108.0,100.0,64983.0,1149.0,96.0,174877.0,1718258.0,1189.0,86.0,278266.0,3305758.0,1069.0,62.0,664779.0,27185979.0,1394.0,105.0,782784.0,72677316.0
Bihar,Saharsa,363.0,44.0,32380.0,358.0,42.0,88171.0,637942.0,477.0,40.0,147506.0,1494901.0,519.0,37.0,372270.0,19621587.0,497.0,46.0,437160.0,54549253.0
Bihar,Samastipur,527.0,65.0,76068.0,636.0,83.0,204544.0,1469219.0,721.0,89.0,334935.0,3174321.0,1067.0,101.0,832148.0,41905361.0,916.0,85.0,980091.0,100852249.0
Bihar,Saran,1214.0,119.0,63245.0,1318.0,103.0,197928.0,1273060.0,1414.0,95.0,335039.0,3157641.0,1899.0,108.0,834739.0,41499866.0,1833.0,114.0,983188.0,101054156.0
Bihar,Sheikhpura,105.0,16.0,10567.0,160.0,17.0,29154.0,140573.0,137.0,21.0,47727.0,359800.0,234.0,14.0,117596.0,4134522.0,216.0,26.0,138218.0,10689099.0
Bihar,Sheohar,49.0,12.0,7645.0,73.0,14.0,21941.0,158610.0,70.0,11.0,37408.0,375800.0,83.0,12.0,97787.0,4882517.0,69.0,9.0,115405.0,14174229.0
Bihar,Sitamarhi,575.0,68.0,47288.0,855.0,77.0,132501.0,958201.0,855.0,73.0,223782.0,2177069.0,864.0,62.0,571721.0,35309209.0,1180.0,70.0,673400.0,71158381.0
Bihar,Siwan,714.0,71.0,52000.0,905.0,81.0,160063.0,985265.0,969.0,111.0,282776.0,2560124.0,1324.0,94.0,730485.0,46041981.0,1388.0,65.0,859890.0,93600819.0
Bihar,Supaul,313.0,47.0,29348.0,314.0,52.0,86568.0,579060.0,347.0,53.0,150088.0,1275417.0,530.0,42.0,385797.0,19836135.0,484.0,60.0,453594.0,59428193.0
Bihar,Vaishali,1243.0,100.0,67921.0,1426.0,119.0,189344.0,1468110.0,1653.0,153.0,312949.0,3383449.0,1434.0,117.0,758603.0,38004937.0,1420.0,114.0,891651.0,91827856.0
Chandigarh,Chandigarh,1460.0,25.0,86268.0,1298.0,20.0,209175.0,2383031.0,908.0,26.0,312887.0,5884404.0,1276.0,18.0,654522.0,50755993.0,1412.0,17.0,754849.0,47701535.0
Chhattisgarh,Balod,135.0,16.0,13500.0,103.0,15.0,42804.0,260922.0,150.0,20.0,68724.0,622903.0,111.0,16.0,168030.0,7180041.0,84.0,13.0,197698.0,16999203.0
Chhattisgarh,Balrampur,45.0,41.0,9313.0,35.0,50.0,27410.0,226839.0,71.0,37.0,45517.0,587633.0,114.0,56.0,121253.0,6772773.0,89.0,49.0,144136.0,18093353.0
Chhattisgarh,Bilaspur,1026.0,58.0,68704.0,819.0,57.0,184636.0,1193132.0,793.0,48.0,284320.0,3971015.0,1138.0,54.0,651084.0,50019321.0,856.0,32.0,759420.0,112768823.0
Chhattisgarh,Dhamtari,82.0,25.0,15571.0,59.0,13.0,44369.0,296901.0,96.0,22.0,69476.0,662367.0,218.0,27.0,166518.0,7293996.0,166.0,27.0,195666.0,18113247.0
Chhattisgarh,Durg,728.0,38.0,91516.0,646.0,44.0,224058.0,1456431.0,781.0,35.0,353311.0,7207692.0,924.0,39.0,773280.0,113624998.0,754.0,47.0,897874.0,115231212.0
Chhattisgarh,Gariyaband,66.0,13.0,8679.0,54.0,26.0,25995.0,246486.0,49.0,9.0,39610.0,447268.0,87.0,19.0,99065.0,5013453.0,84.0,21.0,117351.0,12911154.0
Chhattisgarh,Jashpur,70.0,50.0,12420.0,83.0,47.0,35598.0,258140.0,103.0,64.0,59351.0,574295.0,200.0,64.0,158413.0,7366690.0,168.0,71.0,188309.0,19705675.0
Chhattisgarh,Kabirdham,50.0,19.0,10892.0,74.0,20.0,36729.0,229177.0,56.0,29.0,60401.0,561375.0,142.0,22.0,154630.0,8168525.0,107.0,21.0,182942.0,21364570.0
Chhattisgarh,Kanker,166.0,29.0,10256.0,108.0,29.0,36502.0,234262.0,149.0,45.0,61891.0,668928.0,64.0,27.0,161542.0,8212344.0,64.0,40.0,191312.0,19195563.0
Chhattisgarh,Kondagaon,30.0,23.0,5625.0,7.0,29.0,19795.0,159429.0,27.0,11.0,33640.0,367041.0,54.0,18.0,93464.0,4835646.0,42.0,9.0,110929.0,12301747.0
Chhattisgarh,Korba,220.0,38.0,39075.0,297.0,41.0,105570.0,686975.0,268.0,46.0,163500.0,1709813.0,365.0,45.0,384883.0,26317365.0,363.0,36.0,450305.0,64188760.0
Chhattisgarh,Mahasamund,165.0,23.0,19608.0,157.0,20.0,56953.0,462000.0,132.0,12.0,89942.0,947636.0,162.0,22.0,222989.0,13266399.0,101.0,18.0,263607.0,32802723.0
Chhattisgarh,Manendragarh Chirmiri Bharatpur,0.0,0.0,0.0,0.0,0.0,0.0,0.0,0.0,0.0,0.0,0.0,85.0,12.0,0.0,0.0,77.0,17.0,0.0,0.0
Chhattisgarh,Mohla Manpur Ambagarh Chouki,0.0,0.0,0.0,0.0,0.0,0.0,0.0,0.0,0.0,0.0,0.0,29.0,12.0,0.0,0.0,22.0,7.0,0.0,0.0
Chhattisgarh,Narayanpur,9.0,18.0,1768.0,10.0,18.0,6161.0,38735.0,10.0,13.0,10674.0,138935.0,12.0,9.0,27764.0,1437173.0,14.0,22.0,32773.0,3966655.0
Chhattisgarh,Raigarh,215.0,54.0,51628.0,398.0,68.0,139059.0,958878.0,370.0,67.0,208338.0,2197577.0,528.0,68.0,489890.0,29077237.0,496.0,65.0,575592.0,71678830.0
Chhattisgarh,Raipur,1446.0,67.0,135308.0,1492.0,59.0,351495.0,2345436.0,1548.0,76.0,559412.0,14537416.0,1966.0,75.0,1260366.0,136152287.0,1588.0,63.0,1462871.0,224409534.0
Chhattisgarh,Rajnandgaon,283.0,41.0,26295.0,360.0,40.0,78320.0,550127.0,368.0,20.0,126699.0,1295528.0,276.0,32.0,317976.0,18222896.0,215.0,21.0,374946.0,40950796.0
Chhattisgarh,Sakti,0.0,0.0,0.0,0.0,0.0,0.0,0.0,0.0,0.0,0.0,0.0,178.0,21.0,0.0,0.0,96.0,20.0,0.0,0.0
Chhattisgarh,Sarangarh Bilaigarh,0.0,0.0,0.0,0.0,0.0,0.0,0.0,0.0,0.0,0.0,0.0,112.0,19.0,0.0,0.0,110.0,25.0,0.0,0.0
Chhattisgarh,Sukma,6.0,34.0,3205.0,12.0,42.0,11464.0,54819.0,8.0,36.0,19269.0,247686.0,16.0,19.0,48459.0,2505078.0,12.0,21.0,57265.0,6245818.0
Chhattisgarh,Surajpur,102.0,36.0,12279.0,84.0,43.0,39128.0,268212.0,85.0,47.0,61965.0,668484.0,158.0,48.0,154951.0,8570652.0,170.0,59.0,182929.0,21726059.0
Delhi,Central,7362.0,9.0,202723.0,8047.0,21.0,529918.0,24125676.0,10034.0,33.0,765149.0,45221958.0,9370.0,22.0,1629248.0,811445152.0,9697.0,31.0,1884700.0,244218761.0
Delhi,East,25751.0,46.0,283844.0,26765.0,50.0,749990.0,5861982.0,33882.0,43.0,1064954.0,22200997.0,25950.0,52.0,2238170.0,114250305.0,25137.0,45.0,2586779.0,248841978.0
Delhi,New Delhi,2862.0,5.0,212008.0,2404.0,8.0,558516.0,7314206.0,3108.0,6.0,810489.0,87049558.0,1632.0,7.0,1622600.0,262218561.0,1755.0,4.0,1871468.0,240724760.0
Delhi,North,7713.0,35.0,173622.0,12269.0,23.0,447987.0,3699744.0,13370.0,17.0,648654.0,12754263.0,14023.0,37.0,1416994.0,69197517.0,18450.0,33.0,1644670.0,169414204.0
Delhi,North East,11552.0,49.0,95472.0,13794.0,39.0,262131.0,1524351.0,17953.0,54.0,399504.0,5724796.0,19364.0,44.0,906036.0,39773678.0,19610.0,42.0,1054875.0,96839830.0
Delhi,North West,15913.0,48.0,223679.0,20677.0,59.0,583438.0,4256788.0,29136.0,102.0,814249.0,14476425.0,27524.0,101.0,1731494.0,71132641.0,31565.0,90.0,2008098.0,170073625.0
Delhi,South,15838.0,35.0,156706.0,18968.0,39.0,407519.0,3626475.0,19487.0,34.0,570329.0,14121010.0,15243.0,40.0,1167338.0,68650753.0,17800.0,36.0,1345231.0,163389441.0
Delhi,South East,14585.0,41.0,0.0,18362.0,48.0,0.0,0.0,19636.0,36.0,0.0,0.0,17144.0,43.0,0.0,0.0,19591.0,51.0,0.0,0.0
Delhi,South West,6864.0,11.0,179197.0,8971.0,17.0,467571.0,3083278.0,12380.0,23.0,644981.0,11918606.0,7461.0,18.0,1333347.0,66334804.0,7594.0,30.0,1541622.0,156744570.0
Delhi,West,13790.0,23.0,308558.0,13967.0,32.0,820526.0,5412359.0,18802.0,37.0,1160353.0,20701178.0,18360.0,31.0,2453869.0,113645171.0,21084.0,31.0,2837958.0,266628723.0
Goa,North Goa,276.0,11.0,57769.0,291.0,13.0,147802.0,728649.0,278.0,14.0,244309.0,2566259.0,326.0,18.0,550554.0,38279534.0,272.0,16.0,637677.0,74133450.0
Goa,South Goa,165.0,19.0,34167.0,180.0,16.0,90350.0,516089.0,211.0,19.0,147591.0,1548682.0,191.0,25.0,341631.0,18531979.0,155.0,10.0,397373.0,37052916.0
Gujarat,Ahmadabad,3358.0,110.0,572811.0,2993.0,132.0,1450100.0,9836304.0,3052.0,117.0,2185983.0,49886270.0,3377.0,120.0,4734630.0,427156090.0,5568.0,139.0,5485010.0,430400389.0
Gujarat,Amreli,134.0,18.0,31443.0,245.0,17.0,79690.0,430750.0,194.0,15.0,126423.0,934311.0,114.0,18.0,306770.0,5403933.0,299.0,19.0,364743.0,11122570.0
Gujarat,Anand,289.0,19.0,68052.0,193.0,20.0,175515.0,1101015.0,191.0,37.0,277835.0,2996413.0,243.0,17.0,622872.0,14676958.0,557.0,22.0,725286.0,24525302.0
Gujarat,Banas Kantha,379.0,26.0,93506.0,381.0,38.0,239613.0,1471606.0,349.0,31.0,386212.0,3444179.0,302.0,28.0,985280.0,41093576.0,608.0,40.0,1165004.0,104325070.0
Gujarat,Bharuch,372.0,42.0,101575.0,381.0,34.0,252826.0,1583279.0,383.0,28.0,384819.0,4039610.0,316.0,20.0,881508.0,43753332.0,426.0,28.0,1032496.0,87521534.0
Gujarat,Bhavnagar,261.0,31.0,87683.0,324.0,49.0,203617.0,1250704.0,246.0,35.0,315412.0,2642181.0,210.0,44.0,722197.0,15672200.0,400.0,34.0,849932.0,28926599.0
Gujarat,Botad,60.0,14.0,23738.0,58.0,9.0,58126.0,384733.0,57.0,12.0,88241.0,824991.0,39.0,12.0,204401.0,5476797.0,44.0,16.0,241676.0,11880032.0
Gujarat,Chhotaudepur,105.0,25.0,6581.0,88.0,28.0,20287.0,94788.0,89.0,26.0,36116.0,235294.0,85.0,20.0,100145.0,2209163.0,111.0,14.0,119543.0,5163202.0
Gujarat,Dahod,206.0,43.0,16212.0,191.0,37.0,45141.0,256669.0,238.0,33.0,81529.0,541274.0,203.0,30.0,236847.0,8093554.0,272.0,20.0,279800.0,21634029.0
Gujarat,Devbhumi Dwarka,70.0,10.0,15809.0,65.0,13.0,38898.0,192699.0,46.0,7.0,61293.0,412400.0,44.0,8.0,148801.0,3106475.0,80.0,3.0,177051.0,6510938.0
Gujarat,Gandhinagar,331.0,15.0,118201.0,383.0,20.0,291858.0,1726041.0,298.0,17.0,445290.0,6382217.0,642.0,26.0,968586.0,41653945.0,930.0,22.0,1122367.0,96764339.0
Gujarat,Gir Somnath,86.0,8.0,28292.0,81.0,11.0,69872.0,346050.0,151.0,10.0,110211.0,666165.0,62.0,14.0,266205.0,5983608.0,105.0,11.0,314774.0,12332337.0
Gujarat,Jamnagar,215.0,16.0,52416.0,230.0,22.0,121494.0,739961.0,184.0,18.0,188224.0,1614702.0,181.0,20.0,428091.0,13392491.0,306.0,24.0,502043.0,25173643.0
Gujarat,Junagadh,139.0,18.0,35171.0,230.0,23.0,82263.0,322675.0,273.0,25.0,130231.0,740349.0,172.0,17.0,308246.0,6532156.0,192.0,22.0,362721.0,10068344.0
Gujarat,Kheda,144.0,28.0,43776.0,119.0,23.0,124598.0,700100.0,125.0,27.0,204548.0,1820615.0,202.0,22.0,489299.0,12298384.0,463.0,27.0,574412.0,25672760.0
Gujarat,Mahesana,466.0,31.0,97004.0,407.0,36.0,230403.0,1508126.0,298.0,31.0,349897.0,3793184.0,283.0,24.0,798353.0,26167952.0,674.0,25.0,931768.0,58661854.0
Gujarat,Mahisagar,44.0,12.0,11048.0,39.0,13.0,31147.0,153709.0,31.0,12.0,54880.0,369553.0,30.0,16.0,143947.0,4164008.0,76.0,11.0,170321.0,8219246.0
Gujarat,Morbi,120.0,26.0,30329.0,112.0,28.0,77961.0,388033.0,94.0,33.0,130472.0,905106.0,116.0,19.0,337337.0,10619240.0,137.0,30.0,397742.0,23605933.0
Gujarat,Narmada,38.0,6.0,6464.0,38.0,11.0,19105.0,111625.0,47.0,13.0,33074.0,284673.0,46.0,7.0,88517.0,2888251.0,43.0,7.0,104913.0,6519931.0
Gujarat,Navsari,197.0,20.0,35437.0,172.0,13.0,91812.0,950329.0,117.0,10.0,146018.0,10242802.0,56.0,8.0,343293.0,10817057.0,197.0,17.0,400390.0,19521778.0
Gujarat,Panch Mahals,235.0,32.0,32263.0,202.0,39.0,81863.0,482875.0,181.0,31.0,129831.0,1082462.0,190.0,31.0,320798.0,11216989.0,256.0,29.0,378230.0,21426012.0
Gujarat,Patan,213.0,21.0,41580.0,383.0,13.0,101323.0,753192.0,193.0,14.0,164027.0,1831000.0,204.0,25.0,402483.0,13020736.0,257.0,15.0,475027.0,32134251.0
Gujarat,Porbandar,44.0,9.0,12401.0,69.0,16.0,28860.0,107297.0,56.0,16.0,45383.0,263333.0,55.0,9.0,107378.0,2014366.0,68.0,14.0,126509.0,3626383.0
Gujarat,Rajkot,967.0,70.0,133017.0,792.0,69.0,304415.0,1378378.0,523.0,60.0,469636.0,3592205.0,755.0,62.0,1079736.0,28421800.0,1338.0,69.0,1258350.0,50915295.0
Gujarat,Sabar Kantha,334.0,23.0,45018.0,262.0,19.0,109651.0,614843.0,207.0,18.0,174426.0,1576764.0,371.0,23.0,415319.0,15329908.0,581.0,23.0,486544.0,34698668.0
Gujarat,Surat,2179.0,129.0,489852.0,2390.0,161.0,1180819.0,6419303.0,3520.0,130.0,1772703.0,15766654.0,2000.0,140.0,3919829.0,167108783.0,2713.0,121.0,4569769.0,297365989.0
Gujarat,Surendranagar,144.0,31.0,38223.0,170.0,29.0,95904.0,478906.0,135.0,31.0,154610.0,1128776.0,129.0,29.0,383186.0,8918032.0,178.0,28.0,454008.0,19728392.0
Gujarat,Tapi,82.0,14.0,14231.0,64.0,6.0,39195.0,183846.0,46.0,15.0,65634.0,471040.0,43.0,11.0,163181.0,6371940.0,57.0,13.0,191321.0,12927278.0
Gujarat,Vadodara,1420.0,35.0,205722.0,1042.0,52.0,502520.0,2737728.0,904.0,37.0,763969.0,8689295.0,765.0,41.0,1658232.0,75197044.0,1119.0,43.0,1923948.0,121547274.0
Gujarat,Valsad,313.0,23.0,80138.0,254.0,25.0,209477.0,1213084.0,185.0,28.0,330053.0,3225136.0,143.0,28.0,786811.0,35443705.0,179.0,25.0,919660.0,77250074.0
Haryana,Ambala,595.0,19.0,54127.0,651.0,35.0,136012.0,846268.0,772.0,29.0,215379.0,2422404.0,855.0,28.0,486481.0,24903001.0,818.0,26.0,564748.0,27516404.0
Haryana,Bhiwani,449.0,31.0,57585.0,573.0,35.0,132014.0,767305.0,498.0,37.0,208228.0,1834101.0,782.0,51.0,489622.0,21279145.0,740.0,42.0,575590.0,42270186.0
Haryana,Charkhi Dadri,214.0,23.0,14712.0,254.0,27.0,35788.0,194565.0,152.0,16.0,59348.0,492736.0,117.0,17.0,143804.0,7181237.0,151.0,15.0,168657.0,12919181.0
Haryana,Faridabad,3187.0,80.0,231504.0,3630.0,80.0,634024.0,4550896.0,3107.0,83.0,935992.0,17603559.0,2301.0,76.0,2018956.0,120492885.0,2412.0,96.0,2342026.0,259238494.0
Haryana,Fatehabad,344.0,23.0,48955.0,453.0,31.0,101001.0,648747.0,422.0,26.0,152969.0,1114604.0,605.0,14.0,344515.0,10685615.0,556.0,24.0,401953.0,18197604.0
Haryana,Gurugram,6461.0,107.0,474081.0,6472.0,79.0,1159832.0,10830246.0,5995.0,104.0,1700505.0,43890172.0,4969.0,90.0,3572322.0,322760865.0,5288.0,82.0,4134124.0,698242089.0
Haryana,Hisar,327.0,12.0,113872.0,352.0,18.0,245236.0,1462651.0,324.0,14.0,382469.0,3830063.0,424.0,13.0,846309.0,48191717.0,362.0,19.0,981843.0,67138957.0
Haryana,Jhajjar,611.0,66.0,53121.0,829.0,63.0,139799.0,815855.0,749.0,81.0,230059.0,2838136.0,890.0,61.0,545862.0,28811282.0,757.0,61.0,638613.0,62548754.0
Haryana,Jind,858.0,40.0,51815.0,842.0,61.0,121923.0,718916.0,724.0,64.0,190347.0,1627516.0,960.0,39.0,441504.0,14169155.0,907.0,48.0,515893.0,25387618.0
Haryana,Kaithal,649.0,30.0,41222.0,942.0,36.0,97311.0,601879.0,772.0,38.0,151832.0,1379137.0,836.0,35.0,350582.0,9011539.0,837.0,34.0,409446.0,16094366.0
Haryana,Karnal,1359.0,65.0,73612.0,1554.0,72.0,177042.0,1032850.0,1247.0,62.0,283270.0,3675005.0,1906.0,66.0,638547.0,34914353.0,2008.0,61.0,741880.0,45121344.0
Haryana,Kurukshetra,742.0,26.0,47932.0,845.0,28.0,115295.0,719668.0,846.0,30.0,184817.0,2202584.0,1175.0,27.0,410056.0,20550456.0,1110.0,26.0,474951.0,26661855.0
Haryana,Nuh,483.0,33.0,29541.0,455.0,23.0,92292.0,556874.0,553.0,40.0,176392.0,2252872.0,670.0,22.0,462550.0,41411581.0,595.0,30.0,542539.0,94523184.0
Haryana,Palwal,1075.0,41.0,48774.0,906.0,63.0,141953.0,783636.0,770.0,44.0,233542.0,3795498.0,952.0,58.0,540064.0,42330073.0,860.0,52.0,630556.0,90956114.0
Haryana,Panchkula,336.0,19.0,41867.0,472.0,12.0,105044.0,625696.0,392.0,21.0,160534.0,1746370.0,776.0,13.0,352286.0,11508790.0,651.0,8.0,409382.0,22494316.0
Haryana,Panipat,1503.0,60.0,74739.0,1647.0,61.0,181548.0,1209053.0,1218.0,60.0,293916.0,4298198.0,1851.0,72.0,679052.0,46140236.0,1539.0,63.0,791258.0,55958609.0
Haryana,Rewari,784.0,34.0,85350.0,987.0,53.0,207051.0,1348820.0,971.0,44.0,323001.0,4626749.0,743.0,41.0,728428.0,45909838.0,827.0,32.0,850468.0,98470901.0
Haryana,Rohtak,1468.0,62.0,62452.0,1518.0,69.0,147392.0,843737.0,1461.0,70.0,231317.0,4258276.0,1652.0,62.0,527046.0,38273053.0,1760.0,59.0,612619.0,49294407.0
Haryana,Sirsa,614.0,25.0,70800.0,904.0,34.0,146936.0,912516.0,662.0,20.0,219623.0,1708159.0,1008.0,37.0,499413.0,13679194.0,915.0,36.0,582023.0,29899078.0
Haryana,Sonipat,1119.0,98.0,79638.0,1324.0,82.0,199593.0,1176714.0,917.0,97.0,325111.0,4022703.0,1252.0,76.0,764865.0,55979575.0,1341.0,93.0,892110.0,78062228.0
Haryana,Yamunanagar,853.0,35.0,46198.0,855.0,30.0,111935.0,630430.0,978.0,42.0,178961.0,1536973.0,1407.0,30.0,414986.0,11747087.0,1598.0,37.0,481727.0,24126571.0
Himachal Pradesh,Bilaspur,42.0,4.0,11975.0,52.0,2.0,32537.0,141973.0,25.0,3.0,54024.0,345193.0,47.0,4.0,125771.0,2628940.0,66.0,7.0,147931.0,4767372.0
Himachal Pradesh,Chamba,14.0,4.0,8678.0,8.0,3.0,27481.0,205216.0,20.0,10.0,50169.0,366977.0,22.0,3.0,124457.0,3373563.0,17.0,8.0,147121.0,6281686.0
Himachal Pradesh,Hamirpur,24.0,0.0,15614.0,32.0,3.0,44206.0,208538.0,16.0,2.0,73945.0,722511.0,23.0,1.0,175074.0,3849615.0,32.0,3.0,205849.0,7614677.0
Himachal Pradesh,Kangra,75.0,19.0,39016.0,76.0,23.0,115120.0,470811.0,59.0,15.0,205367.0,1427704.0,131.0,15.0,489369.0,13474917.0,85.0,13.0,574721.0,24194525.0
Himachal Pradesh,Kinnaur,5.0,4.0,2684.0,0.0,2.0,8251.0,47023.0,5.0,3.0,13910.0,125755.0,5.0,2.0,34193.0,869466.0,2.0,2.0,40440.0,1936966.0
Himachal Pradesh,Kullu,35.0,9.0,15318.0,34.0,8.0,43436.0,169024.0,33.0,5.0,74668.0,571811.0,34.0,10.0,170048.0,5997105.0,24.0,7.0,199263.0,11028550.0
Himachal Pradesh,Lahaul And Spiti,0.0,0.0,0.0,0.0,0.0,0.0,0.0,2.0,0.0,0.0,0.0,4.0,2.0,0.0,0.0,1.0,1.0,0.0,0.0
Himachal Pradesh,Mandi,56.0,11.0,26238.0,57.0,13.0,72963.0,286849.0,42.0,5.0,124971.0,1008044.0,45.0,8.0,296936.0,6449514.0,61.0,11.0,349578.0,10752323.0
Himachal Pradesh,Shimla,82.0,16.0,28214.0,140.0,16.0,80651.0,402953.0,71.0,9.0,139890.0,2766965.0,82.0,15.0,322036.0,28813264.0,68.0,14.0,377256.0,14890151.0
Himachal Pradesh,Sirmaur,56.0,7.0,15880.0,87.0,4.0,47638.0,292230.0,50.0,3.0,77972.0,647665.0,76.0,7.0,187417.0,4878701.0,76.0,8.0,221437.0,10630446.0
Himachal Pradesh,Solan,135.0,12.0,50035.0,174.0,12.0,139300.0,861752.0,125.0,10.0,220293.0,2365261.0,156.0,12.0,501947.0,15268510.0,153.0,12.0,589300.0,33346935.0
Himachal Pradesh,Una,68.0,13.0,13234.0,50.0,13.0,40315.0,274785.0,26.0,4.0,68564.0,565375.0,43.0,6.0,161122.0,5097999.0,68.0,6.0,189642.0,8067481.0
Jammu & Kashmir,Anantnag,98.0,7.0,11556.0,57.0,1.0,30103.0,284476.0,42.0,2.0,39513.0,211869.0,134.0,5.0,97227.0,4545556.0,83.0,1.0,114215.0,13542455.0
Jammu & Kashmir,Baramulla,65.0,7.0,16299.0,67.0,7.0,45150.0,592196.0,63.0,11.0,59123.0,378947.0,116.0,9.0,144514.0,5015384.0,87.0,2.0,169476.0,16476538.0
Jammu & Kashmir,Budgam,110.0,0.0,11594.0,113.0,1.0,34255.0,291202.0,123.0,1.0,44636.0,304012.0,107.0,4.0,107555.0,4218055.0,83.0,5.0,126146.0,12674839.0
Jammu & Kashmir,Doda,31.0,2.0,2648.0,11.0,4.0,9896.0,41374.0,8.0,3.0,14537.0,61607.0,24.0,1.0,43097.0,1471190.0,27.0,1.0,51616.0,5008320.0
Jammu & Kashmir,Ganderbal,36.0,1.0,4117.0,34.0,4.0,11236.0,142768.0,39.0,0.0,14573.0,107223.0,91.0,1.0,35514.0,1503418.0,81.0,0.0,41862.0,4497034.0
Jammu & Kashmir,Jammu,448.0,14.0,45294.0,441.0,25.0,134408.0,565767.0,573.0,25.0,191031.0,1375442.0,588.0,9.0,485903.0,29691344.0,630.0,14.0,563905.0,53851098.0
Jammu & Kashmir,Kathua,64.0,4.0,8039.0,78.0,9.0,25620.0,129685.0,49.0,9.0,37300.0,199203.0,91.0,7.0,100962.0,3296544.0,126.0,9.0,119369.0,10169072.0
Jammu & Kashmir,Kishtwar,11.0,2.0,1298.0,20.0,4.0,4732.0,18740.0,6.0,2.0,7124.0,31766.0,5.0,0.0,19740.0,838856.0,8.0,1.0,23498.0,2788771.0
Jammu & Kashmir,Kulgam,42.0,11.0,5700.0,38.0,4.0,16003.0,123607.0,39.0,6.0,21070.0,129520.0,88.0,0.0,51100.0,1973532.0,82.0,2.0,60317.0,6656499.0
Jammu & Kashmir,Kupwara,39.0,6.0,7254.0,25.0,3.0,25544.0,118028.0,44.0,3.0,36690.0,177521.0,56.0,2.0,95832.0,3878666.0,81.0,3.0,112748.0,12328521.0
Jammu & Kashmir,Poonch,23.0,9.0,2539.0,37.0,2.0,10838.0,4121826.0,26.0,0.0,16495.0,1995425.0,65.0,4.0,46382.0,1527820.0,44.0,5.0,55003.0,5328456.0
Jammu & Kashmir,Pulwama,33.0,12.0,8441.0,38.0,24.0,23230.0,199024.0,53.0,11.0,30796.0,180606.0,53.0,6.0,74016.0,3109897.0,35.0,3.0,86885.0,9211607.0
Jammu & Kashmir,Rajouri,67.0,6.0,5232.0,62.0,11.0,19212.0,92396.0,61.0,13.0,28089.0,155677.0,68.0,10.0,76256.0,2268531.0,92.0,11.0,90494.0,7608716.0
Jammu & Kashmir,Ramban,25.0,4.0,1876.0,41.0,3.0,7125.0,44759.0,31.0,3.0,10267.0,91062.0,59.0,2.0,27571.0,1337711.0,41.0,0.0,32701.0,4544589.0
Jammu & Kashmir,Reasi,41.0,5.0,3583.0,54.0,5.0,11440.0,56602.0,34.0,1.0,16592.0,99098.0,41.0,7.0,44602.0,2181803.0,41.0,7.0,52844.0,7085465.0
Jammu & Kashmir,Samba,52.0,2.0,6534.0,51.0,12.0,21495.0,108063.0,75.0,2.0,31570.0,153004.0,113.0,0.0,85114.0,3240424.0,134.0,6.0,99768.0,10272781.0
Jammu & Kashmir,Shopian,63.0,14.0,2537.0,73.0,14.0,7625.0,32962.0,61.0,8.0,10313.0,45721.0,118.0,4.0,26874.0,1154265.0,62.0,1.0,31858.0,4161332.0
Jammu & Kashmir,Srinagar,362.0,15.0,18233.0,329.0,16.0,52762.0,438813.0,281.0,6.0,70755.0,1478361.0,390.0,13.0,167765.0,13028623.0,196.0,6.0,194780.0,23571777.0
Jammu & Kashmir,Udhampur,45.0,10.0,8457.0,91.0,9.0,25515.0,132494.0,90.0,5.0,35408.0,196807.0,85.0,12.0,94792.0,3901761.0,72.0,4.0,111438.0,11529533.0
Jharkhand,Bokaro,253.0,48.0,101673.0,579.0,73.0,235969.0,3065145.0,723.0,58.0,352220.0,6026938.0,845.0,52.0,766067.0,47758332.0,831.0,54.0,897500.0,104133403.0
Jharkhand,Chatra,180.0,64.0,11805.0,223.0,74.0,38103.0,250490.0,191.0,50.0,67305.0,743254.0,195.0,53.0,175497.0,12209494.0,210.0,60.0,208169.0,31337360.0
Jharkhand,Deoghar,505.0,70.0,35229.0,495.0,71.0,97449.0,470992.0,484.0,70.0,179746.0,1177463.0,527.0,86.0,463198.0,14498861.0,634.0,76.0,546402.0,41328418.0
Jharkhand,Dhanbad,815.0,62.0,130195.0,783.0,46.0,313255.0,3988281.0,1366.0,69.0,479075.0,7925963.0,1665.0,82.0,1056568.0,56277096.0,1946.0,81.0,1234913.0,121667467.0
Jharkhand,Dumka,194.0,63.0,16027.0,312.0,58.0,43171.0,350968.0,265.0,57.0,69852.0,691340.0,255.0,70.0,173744.0,6139841.0,279.0,53.0,206414.0,18046348.0
Jharkhand,East Singhbhum,1213.0,102.0,103016.0,1300.0,85.0,256344.0,1877301.0,1128.0,82.0,398663.0,5052150.0,975.0,85.0,886341.0,64596305.0,945.0,72.0,1032308.0,102898821.0
Jharkhand,Garhwa,135.0,62.0,14981.0,127.0,75.0,49830.0,387037.0,189.0,91.0,87607.0,1001377.0,197.0,87.0,231592.0,15006336.0,159.0,78.0,276477.0,43998475.0
Jharkhand,Giridih,359.0,51.0,45940.0,404.0,129.0,123889.0,1002799.0,360.0,71.0,195939.0,2151452.0,365.0,69.0,477295.0,32238995.0,377.0,93.0,563876.0,77980193.0
Jharkhand,Godda,159.0,52.0,16608.0,216.0,53.0,47481.0,278537.0,181.0,59.0,77305.0,717056.0,291.0,42.0,192482.0,8545841.0,271.0,56.0,228020.0,23101326.0
Jharkhand,Gumla,147.0,136.0,6616.0,173.0,135.0,19367.0,91757.0,161.0,126.0,34702.0,243358.0,189.0,86.0,96678.0,3635928.0,185.0,86.0,116099.0,10687831.0
Jharkhand,Hazaribagh,425.0,77.0,56421.0,436.0,91.0,151904.0,1362498.0,506.0,73.0,248710.0,3325946.0,683.0,84.0,596924.0,44676641.0,678.0,68.0,702582.0,108326598.0
Jharkhand,Jamtara,122.0,19.0,10659.0,152.0,31.0,31881.0,199009.0,150.0,18.0,62283.0,358095.0,115.0,26.0,158873.0,2594379.0,174.0,18.0,188474.0,8073340.0
Jharkhand,Khunti,43.0,56.0,4037.0,73.0,75.0,12464.0,73527.0,66.0,68.0,21442.0,186032.0,91.0,67.0,57273.0,4061760.0,70.0,54.0,68528.0,5932590.0
Jharkhand,Koderma,143.0,28.0,21423.0,150.0,17.0,54059.0,421329.0,135.0,26.0,84331.0,920163.0,190.0,22.0,202708.0,15081369.0,136.0,34.0,239352.0,39212976.0
Jharkhand,Latehar,108.0,33.0,7580.0,81.0,45.0,23885.0,166109.0,90.0,50.0,42321.0,533291.0,115.0,50.0,111783.0,7402592.0,101.0,51.0,133149.0,21381922.0
Jharkhand,Pakur,89.0,23.0,6846.0,180.0,44.0,19057.0,140714.0,76.0,33.0,33331.0,330048.0,119.0,28.0,88874.0,3658163.0,83.0,23.0,105773.0,11217481.0
Jharkhand,Palamu,272.0,89.0,31788.0,326.0,106.0,94917.0,616311.0,448.0,87.0,161215.0,1644221.0,324.0,86.0,412757.0,27884077.0,349.0,98.0,488959.0,74965890.0
Jharkhand,Ramgarh,333.0,19.0,37875.0,412.0,27.0,93606.0,727777.0,280.0,27.0,149467.0,1753727.0,222.0,27.0,350515.0,22232087.0,191.0,37.0,411863.0,53649994.0
Jharkhand,Ranchi,2544.0,152.0,159444.0,1582.0,165.0,386608.0,2896066.0,2568.0,163.0,602664.0,13993535.0,2377.0,154.0,1361772.0,142670448.0,2549.0,133.0,1584765.0,231738024.0
Jharkhand,Sahebganj,204.0,62.0,12479.0,202.0,76.0,34076.0,226932.0,402.0,78.0,56249.0,464764.0,144.0,47.0,146749.0,7731323.0,184.0,55.0,173481.0,21482966.0
Jharkhand,Simdega,41.0,53.0,2983.0,41.0,46.0,9604.0,49853.0,55.0,77.0,17525.0,132036.0,71.0,50.0,50284.0,1942492.0,59.0,37.0,60689.0,5311537.0
Karnataka,Bagalkote,122.0,37.0,63460.0,103.0,35.0,173415.0,948251.0,219.0,37.0,293935.0,3722893.0,299.0,41.0,716409.0,48118257.0,291.0,35.0,841142.0,114978381.0
Karnataka,Ballari,249.0,37.0,103566.0,248.0,30.0,281648.0,1704864.0,569.0,42.0,481004.0,8247512.0,347.0,26.0,1129725.0,99663529.0,417.0,18.0,1324531.0,233231853.0
Karnataka,Bengaluru,10804.0,235.0,2010323.0,9385.0,218.0,5270354.0,73400744.0,7717.0,204.0,8020185.0,477247267.0,7574.0,173.0,16302470.0,3167270722.0,10438.0,206.0,18683361.0,5050987177.0
Karnataka,Bidar,169.0,33.0,58446.0,206.0,43.0,160253.0,1076413.0,203.0,50.0,275072.0,3551899.0,331.0,54.0,657828.0,60591957.0,367.0,41.0,773268.0,139703781.0
Karnataka,Chikkaballapura,167.0,26.0,43074.0,150.0,33.0,137719.0,839716.0,177.0,24.0,250163.0,4138751.0,343.0,29.0,593235.0,51803562.0,296.0,24.0,694505.0,119912947.0
Karnataka,Chikkamagaluru,173.0,15.0,32240.0,204.0,32.0,98090.0,428825.0,314.0,23.0,186487.0,1946203.0,216.0,14.0,459072.0,32290782.0,300.0,32.0,537082.0,79001857.0
Karnataka,Chitradurga,182.0,16.0,41656.0,325.0,20.0,127578.0,651421.0,337.0,26.0,233840.0,2715426.0,367.0,30.0,577276.0,41789913.0,433.0,32.0,680154.0,101149261.0
Karnataka,Dakshina Kannada,124.0,17.0,87491.0,94.0,10.0,254135.0,1384416.0,78.0,12.0,481992.0,10156043.0,81.0,22.0,1159914.0,87620653.0,118.0,11.0,1339128.0,130502498.0
Karnataka,Davanagere,317.0,33.0,68178.0,416.0,31.0,191840.0,1002580.0,397.0,40.0,337445.0,5066311.0,632.0,29.0,802829.0,84738249.0,711.0,20.0,939100.0,143369367.0
Karnataka,Dharwad,485.0,50.0,106877.0,332.0,38.0,287568.0,1549382.0,255.0,35.0,502446.0,11859865.0,451.0,43.0,1121054.0,109740542.0,402.0,44.0,1300731.0,216715902.0
Karnataka,Gadag,376.0,20.0,28575.0,311.0,14.0,82724.0,444806.0,163.0,12.0,147533.0,1836990.0,163.0,22.0,360179.0,24103851.0,204.0,16.0,423575.0,56068692.0
Karnataka,Hassan,278.0,50.0,51642.0,316.0,48.0,169484.0,742798.0,283.0,48.0,318850.0,3557907.0,370.0,63.0,778649.0,60824412.0,484.0,38.0,909593.0,145783908.0
Karnataka,Haveri,311.0,25.0,33262.0,219.0,17.0,100853.0,457871.0,173.0,23.0,184781.0,1715445.0,338.0,16.0,473622.0,29572376.0,422.0,12.0,558788.0,70966365.0
Karnataka,Kodagu,216.0,27.0,14783.0,134.0,24.0,47953.0,199119.0,156.0,33.0,98612.0,1020320.0,126.0,19.0,237585.0,15761781.0,90.0,28.0,276644.0,33759268.0
Karnataka,Kolar,174.0,46.0,60498.0,176.0,30.0,201909.0,1186233.0,217.0,33.0,361750.0,6150070.0,431.0,40.0,847439.0,76935149.0,470.0,55.0,990497.0,174991371.0
Karnataka,Koppal,236.0,15.0,34963.0,463.0,13.0,103151.0,496382.0,351.0,17.0,185866.0,2181124.0,384.0,18.0,464500.0,38945006.0,272.0,26.0,547012.0,92087275.0
Karnataka,Mandya,522.0,44.0,50951.0,494.0,46.0,164533.0,811773.0,415.0,45.0,309136.0,4208672.0,458.0,57.0,727044.0,56744191.0,498.0,45.0,849693.0,133999023.0
Karnataka,Mysuru,471.0,22.0,150799.0,439.0,24.0,432208.0,2407444.0,440.0,15.0,764697.0,14613483.0,543.0,26.0,1698270.0,166119678.0,438.0,30.0,1962181.0,334257624.0
Karnataka,Raichur,131.0,42.0,58544.0,253.0,29.0,163836.0,974354.0,257.0,20.0,285797.0,3762500.0,503.0,43.0,686370.0,52432354.0,555.0,45.0,810095.0,126440608.0
Karnataka,Ramanagara,531.0,42.0,47100.0,392.0,58.0,148213.0,994094.0,370.0,49.0,267981.0,5234817.0,554.0,44.0,615896.0,59906009.0,524.0,37.0,717662.0,141129529.0
Karnataka,Shivamogga,391.0,44.0,60797.0,412.0,36.0,174221.0,783377.0,394.0,35.0,324957.0,4277816.0,409.0,31.0,776127.0,77709996.0,399.0,38.0,905800.0,136875152.0
Karnataka,Tumakuru,368.0,44.0,82955.0,509.0,60.0,258398.0,1343920.0,510.0,56.0,488995.0,6878750.0,651.0,79.0,1169009.0,96577876.0,795.0,53.0,1365972.0,225229480.0
Karnataka,Udupi,103.0,12.0,49362.0,122.0,17.0,136628.0,734583.0,163.0,16.0,247646.0,2751629.0,160.0,16.0,596396.0,30934907.0,175.0,12.0,693213.0,65715138.0
Karnataka,Vijayapura,227.0,82.0,68814.0,241.0,66.0,199735.0,1019536.0,340.0,59.0,357428.0,4437346.0,373.0,59.0,865920.0,61415944.0,381.0,59.0,1016964.0,147829185.0
Kerala,Ernakulam,565.0,28.0,159188.0,580.0,28.0,409812.0,2655411.0,499.0,52.0,716945.0,10430390.0,564.0,34.0,1760620.0,135787989.0,920.0,47.0,2040327.0,131929073.0
Kerala,Idukki,160.0,20.0,21318.0,166.0,18.0,63188.0,286416.0,127.0,17.0,122253.0,787754.0,141.0,32.0,334683.0,9378820.0,116.0,20.0,391882.0,18179356.0
Kerala,Kannur,91.0,20.0,54093.0,139.0,18.0,143289.0,598437.0,139.0,7.0,282719.0,1744170.0,111.0,10.0,769407.0,22290886.0,129.0,14.0,889736.0,45513035.0
Kerala,Kasaragod,431.0,11.0,20008.0,164.0,11.0,59697.0,257262.0,150.0,9.0,121264.0,695233.0,113.0,7.0,352199.0,10939231.0,102.0,12.0,407396.0,22704806.0
Kerala,Kollam,257.0,32.0,41946.0,225.0,42.0,125697.0,539889.0,230.0,38.0,265751.0,1613460.0,305.0,32.0,756282.0,24774242.0,457.0,37.0,881620.0,39431207.0
Kerala,Kottayam,147.0,10.0,43142.0,180.0,15.0,121975.0,664964.0,157.0,21.0,229263.0,1798116.0,189.0,18.0,611048.0,20940208.0,210.0,27.0,712753.0,29094352.0
Kerala,Kozhikode,384.0,12.0,83422.0,326.0,19.0,212403.0,1336746.0,351.0,21.0,404139.0,3086046.0,519.0,19.0,1063764.0,41509573.0,467.0,14.0,1225291.0,75740194.0
Kerala,Malappuram,191.0,18.0,86063.0,232.0,18.0,206857.0,1278235.0,198.0,12.0,387405.0,2827780.0,202.0,23.0,1043945.0,45883395.0,288.0,24.0,1204103.0,69626870.0
Kerala,Palakkad,199.0,27.0,51507.0,232.0,19.0,145211.0,747756.0,231.0,19.0,277861.0,1825044.0,192.0,38.0,747944.0,22236573.0,252.0,21.0,869821.0,37233827.0
Kerala,Pathanamthitta,112.0,30.0,18890.0,91.0,16.0,60107.0,252182.0,101.0,14.0,118197.0,659576.0,129.0,9.0,327848.0,9088490.0,129.0,18.0,382391.0,15403558.0
Kerala,Thiruvananthapuram,545.0,40.0,81846.0,545.0,36.0,239634.0,1231012.0,439.0,47.0,466301.0,4497503.0,598.0,54.0,1196164.0,40754097.0,565.0,39.0,1385762.0,70571087.0
Kerala,Thrissur,360.0,34.0,67247.0,337.0,26.0,184516.0,978551.0,370.0,28.0,349437.0,3401956.0,162.0,17.0,927648.0,38220324.0,541.0,37.0,1077037.0,43666848.0
Kerala,Wayanad,65.0,4.0,16239.0,63.0,12.0,49356.0,211736.0,58.0,9.0,101733.0,641636.0,94.0,10.0,281511.0,12527774.0,73.0,15.0,327109.0,23303524.0
Ladakh,Kargil,0.0,0.0,1529.0,0.0,0.0,5758.0,19807.0,0.0,0.0,9711.0,44271.0,13.0,2.0,25409.0,836408.0,7.0,0.0,30130.0,2471842.0
Lakshadweep,Lakshadweep,18.0,0.0,501.0,8.0,1.0,1416.0,6255.0,19.0,0.0,2772.0,12276.0,14.0,0.0,7267.0,66354.0,20.0,0.0,8578.0,171674.0
Madhya Pradesh,Agar Malwa,123.0,9.0,12058.0,93.0,7.0,33425.0,301408.0,118.0,11.0,56419.0,750615.0,165.0,8.0,154686.0,10592400.0,122.0,10.0,184770.0,28817794.0
Madhya Pradesh,Alirajpur,170.0,47.0,3746.0,149.0,42.0,13122.0,54794.0,193.0,49.0,24827.0,168908.0,111.0,60.0,75360.0,3093668.0,126.0,46.0,90150.0,9132254.0
Madhya Pradesh,Anuppur,127.0,23.0,18656.0,94.0,29.0,49988.0,429898.0,132.0,34.0,76969.0,1132323.0,314.0,29.0,183119.0,10155494.0,228.0,22.0,216384.0,24999555.0
Madhya Pradesh,Balaghat,235.0,43.0,38064.0,178.0,37.0,108073.0,788378.0,254.0,40.0,179810.0,2358016.0,270.0,37.0,452700.0,26575562.0,160.0,38.0,535642.0,57138268.0
Madhya Pradesh,Barwani,288.0,27.0,15811.0,234.0,41.0,46138.0,245109.0,213.0,38.0,82596.0,664358.0,204.0,37.0,224144.0,13819538.0,241.0,31.0,265627.0,37564704.0
Madhya Pradesh,Betul,163.0,57.0,49045.0,193.0,45.0,122961.0,869963.0,191.0,38.0,193348.0,2324054.0,253.0,66.0,459626.0,24337288.0,245.0,44.0,543553.0,54260212.0
Madhya Pradesh,Bhind,363.0,42.0,34085.0,451.0,28.0,94313.0,646238.0,346.0,47.0,159089.0,1542081.0,303.0,40.0,401533.0,14970847.0,330.0,35.0,476833.0,39631642.0
Madhya Pradesh,Bhopal,5979.0,66.0,307312.0,6868.0,71.0,670417.0,11191158.0,5906.0,65.0,1003288.0,53685831.0,5693.0,68.0,2101098.0,692187853.0,7417.0,54.0,2436143.0,434584886.0
Madhya Pradesh,Burhanpur,89.0,11.0,16077.0,75.0,18.0,42152.0,236017.0,83.0,19.0,70827.0,593103.0,162.0,14.0,187246.0,10930193.0,145.0,21.0,220692.0,27873418.0
Madhya Pradesh,Chhatarpur,204.0,47.0,36004.0,288.0,39.0,95345.0,575557.0,318.0,43.0,164422.0,1482113.0,427.0,40.0,418638.0,18392818.0,378.0,46.0,498497.0,49876915.0
Madhya Pradesh,Chhindwara,442.0,56.0,65005.0,370.0,70.0,168633.0,1133742.0,306.0,60.0,268008.0,3356534.0,286.0,49.0,642022.0,431749706.0,326.0,46.0,756689.0,84985007.0
Madhya Pradesh,Damoh,188.0,36.0,24961.0,127.0,39.0,62435.0,423456.0,141.0,35.0,98583.0,981021.0,152.0,29.0,244449.0,11182405.0,186.0,24.0,289793.0,27102286.0
Madhya Pradesh,Datia,101.0,30.0,16322.0,80.0,27.0,46221.0,316312.0,130.0,20.0,71709.0,748567.0,229.0,23.0,173988.0,7700489.0,227.0,19.0,206618.0,21166677.0
Madhya Pradesh,Dewas,579.0,28.0,62902.0,537.0,34.0,155786.0,1322690.0,580.0,28.0,245317.0,3861153.0,578.0,24.0,579697.0,41377783.0,632.0,25.0,683061.0,97422578.0
Madhya Pradesh,Dhar,844.0,78.0,63440.0,809.0,60.0,166663.0,1383783.0,841.0,55.0,270891.0,3755262.0,1032.0,71.0,679569.0,47363988.0,875.0,60.0,802038.0,117217399.0
Madhya Pradesh,Dindori,54.0,22.0,6114.0,44.0,17.0,22197.0,168374.0,52.0,22.0,39433.0,568598.0,66.0,20.0,108680.0,5086173.0,60.0,30.0,129907.0,13278266.0
Madhya Pradesh,East Nimar,295.0,24.0,29308.0,242.0,23.0,75806.0,499265.0,250.0,25.0,125273.0,1341466.0,301.0,30.0,325222.0,19937270.0,294.0,24.0,385461.0,51125927.0
Madhya Pradesh,Guna,631.0,39.0,36829.0,519.0,32.0,98816.0,830916.0,526.0,37.0,169946.0,1863591.0,258.0,43.0,423812.0,22361304.0,387.0,33.0,502899.0,54251428.0
Madhya Pradesh,Gwalior,2349.0,66.0,142453.0,2081.0,77.0,331504.0,2465435.0,1726.0,63.0,506221.0,7062163.0,1844.0,64.0,1123707.0,74428015.0,1856.0,80.0,1307564.0,162384780.0
Madhya Pradesh,Harda,188.0,20.0,18120.0,133.0,14.0,43995.0,295606.0,149.0,14.0,67392.0,693961.0,106.0,14.0,161225.0,8418620.0,107.0,18.0,191120.0,21230381.0
Madhya Pradesh,Indore,4799.0,96.0,366977.0,4814.0,80.0,844465.0,7351742.0,4678.0,82.0,1287857.0,41810409.0,5438.0,106.0,2780295.0,475353403.0,6484.0,80.0,3217251.0,612997987.0
Madhya Pradesh,Jabalpur,2697.0,93.0,115953.0,2772.0,73.0,295042.0,2284848.0,2144.0,74.0,462069.0,8819438.0,3356.0,88.0,1025803.0,66036233.0,4770.0,80.0,1193636.0,124061388.0
Madhya Pradesh,Jhabua,251.0,21.0,9632.0,234.0,30.0,29064.0,143147.0,198.0,25.0,52803.0,410252.0,196.0,35.0,162127.0,8008003.0,182.0,23.0,192970.0,22637979.0
Madhya Pradesh,Katni,291.0,37.0,28098.0,260.0,36.0,79580.0,481487.0,198.0,21.0,131655.0,1476834.0,281.0,26.0,317477.0,15816262.0,238.0,35.0,375380.0,39633068.0
Madhya Pradesh,Mandla,82.0,25.0,13593.0,72.0,31.0,44325.0,218803.0,52.0,29.0,77954.0,770557.0,318.0,25.0,202648.0,8945679.0,169.0,33.0,241085.0,22959557.0
Madhya Pradesh,Mandsaur,357.0,34.0,42041.0,394.0,21.0,112086.0,691107.0,443.0,16.0,183327.0,2033884.0,459.0,22.0,463718.0,23939178.0,341.0,15.0,548440.0,63427383.0
Madhya Pradesh,Morena,670.0,41.0,42153.0,568.0,44.0,113900.0,744321.0,553.0,45.0,187857.0,1692719.0,616.0,45.0,479647.0,20610551.0,537.0,43.0,567218.0,56205339.0
Madhya Pradesh,Narmadapuram,312.0,38.0,50658.0,325.0,46.0,123858.0,823532.0,381.0,36.0,190416.0,3040016.0,299.0,35.0,447376.0,23409033.0,278.0,44.0,525637.0,55403203.0
Madhya Pradesh,Narsimhapur,197.0,30.0,38027.0,158.0,34.0,95833.0,975480.0,125.0,31.0,148190.0,1783574.0,171.0,30.0,343846.0,15605392.0,140.0,32.0,406477.0,38047220.0
Madhya Pradesh,Neemuch,221.0,10.0,27995.0,145.0,8.0,72918.0,450932.0,169.0,8.0,118143.0,1375591.0,224.0,11.0,294613.0,14568295.0,182.0,13.0,347544.0,39043845.0
Madhya Pradesh,Niwari,0.0,0.0,6771.0,0.0,0.0,19076.0,124049.0,45.0,15.0,31223.0,313040.0,58.0,9.0,79831.0,3493518.0,42.0,16.0,95153.0,9786936.0
Madhya Pradesh,Panna,75.0,18.0,13874.0,58.0,18.0,38426.0,260660.0,88.0,24.0,64176.0,684874.0,127.0,19.0,163536.0,7694585.0,177.0,19.0,196347.0,20892943.0
Madhya Pradesh,Raisen,294.0,38.0,47344.0,165.0,35.0,117214.0,1026636.0,322.0,33.0,184402.0,2939309.0,557.0,42.0,443050.0,26754596.0,372.0,54.0,525370.0,63444536.0
Madhya Pradesh,Rajgarh,359.0,22.0,39336.0,340.0,14.0,106743.0,934055.0,392.0,18.0,174122.0,2588997.0,245.0,25.0,454742.0,30175027.0,302.0,23.0,542046.0,71333738.0
Madhya Pradesh,Ratlam,357.0,31.0,49298.0,356.0,28.0,127023.0,893280.0,448.0,25.0,204718.0,2514738.0,523.0,32.0,507397.0,26500132.0,513.0,33.0,598584.0,68399659.0
Madhya Pradesh,Rewa,810.0,58.0,73336.0,719.0,55.0,188803.0,1664538.0,1163.0,51.0,285832.0,3681248.0,1299.0,65.0,651354.0,34079981.0,1041.0,53.0,764984.0,83278588.0
Madhya Pradesh,Sagar,546.0,65.0,72857.0,454.0,75.0,194467.0,1850451.0,424.0,79.0,299753.0,3838446.0,520.0,82.0,699722.0,32038485.0,526.0,59.0,824727.0,78789505.0
Madhya Pradesh,Satna,497.0,63.0,59252.0,515.0,71.0,160954.0,1231403.0,516.0,42.0,253988.0,3089434.0,461.0,60.0,596769.0,29427539.0,429.0,48.0,703168.0,74356954.0
Madhya Pradesh,Sehore,586.0,21.0,61158.0,514.0,34.0,149925.0,2148576.0,490.0,17.0,228553.0,5456094.0,491.0,27.0,526495.0,34778742.0,430.0,25.0,622467.0,80768034.0
Madhya Pradesh,Seoni,180.0,29.0,29095.0,158.0,40.0,82398.0,633458.0,138.0,18.0,133334.0,1664777.0,261.0,30.0,329353.0,18450786.0,218.0,33.0,390981.0,45793911.0
Madhya Pradesh,Shahdol,243.0,35.0,26509.0,191.0,35.0,71433.0,524799.0,259.0,41.0,112022.0,1506744.0,477.0,44.0,267723.0,23048669.0,470.0,49.0,315322.0,41991763.0
Madhya Pradesh,Shajapur,259.0,23.0,29995.0,163.0,10.0,76924.0,676942.0,251.0,13.0,124615.0,1747681.0,259.0,19.0,311369.0,19545094.0,204.0,11.0,369603.0,45857727.0
Madhya Pradesh,Sheopur,67.0,13.0,9808.0,62.0,6.0,27456.0,170298.0,84.0,8.0,46567.0,424157.0,143.0,12.0,122856.0,5501646.0,122.0,11.0,146405.0,15266335.0
Madhya Pradesh,Shivpuri,295.0,34.0,25449.0,292.0,35.0,73259.0,798099.0,275.0,54.0,134692.0,1760030.0,468.0,63.0,368571.0,19794523.0,408.0,47.0,440062.0,53631617.0
Madhya Pradesh,Sidhi,303.0,26.0,20030.0,232.0,25.0,55922.0,425703.0,202.0,26.0,90719.0,1127984.0,218.0,22.0,226795.0,12479321.0,159.0,22.0,269357.0,33222245.0
Madhya Pradesh,Singrauli,184.0,44.0,45254.0,138.0,40.0,107427.0,1057512.0,178.0,44.0,156321.0,2854495.0,408.0,56.0,362658.0,24784296.0,419.0,51.0,428919.0,63215613.0
Madhya Pradesh,Tikamgarh,246.0,18.0,15917.0,181.0,30.0,44716.0,336922.0,126.0,21.0,75937.0,791363.0,171.0,26.0,203615.0,10353664.0,157.0,18.0,243252.0,25815206.0
Madhya Pradesh,Ujjain,1151.0,52.0,84441.0,1092.0,51.0,214818.0,1599204.0,1240.0,45.0,349476.0,4746774.0,1191.0,35.0,832451.0,54801802.0,1021.0,39.0,978177.0,136307150.0
Madhya Pradesh,Umaria,79.0,16.0,11572.0,57.0,18.0,31962.0,240603.0,64.0,20.0,51076.0,698947.0,133.0,19.0,125957.0,6859585.0,129.0,19.0,149790.0,17124133.0
Madhya Pradesh,Vidisha,529.0,39.0,43378.0,478.0,40.0,112602.0,1105908.0,473.0,31.0,184757.0,2646555.0,316.0,41.0,449990.0,22503420.0,372.0,39.0,535477.0,51949953.0
Madhya Pradesh,West Nimar,455.0,48.0,40995.0,441.0,45.0,109408.0,754674.0,479.0,39.0,180658.0,1985320.0,482.0,42.0,460046.0,27737306.0,367.0,35.0,544387.0,69894470.0
Maharashtra,Ahilyanagar,1791.0,86.0,197473.0,2203.0,77.0,532651.0,3124695.0,2938.0,77.0,905962.0,10582322.0,4043.0,94.0,2119506.0,170777454.0,4347.0,105.0,2477859.0,375596530.0
Maharashtra,Akola,604.0,38.0,56295.0,573.0,33.0,144784.0,741208.0,592.0,36.0,239492.0,2137855.0,789.0,37.0,577226.0,33918760.0,835.0,42.0,677646.0,76719259.0
Maharashtra,Amravati,1750.0,61.0,100458.0,1744.0,76.0,260174.0,1432258.0,1743.0,71.0,452583.0,6286394.0,2212.0,87.0,1056858.0,67061885.0,2226.0,80.0,1239220.0,138375965.0
Maharashtra,Beed,763.0,56.0,75552.0,688.0,48.0,207350.0,1094597.0,690.0,54.0,352440.0,3236864.0,1169.0,60.0,870961.0,61726048.0,1509.0,64.0,1026063.0,145931156.0
Maharashtra,Bhandara,375.0,14.0,38732.0,383.0,15.0,103514.0,657780.0,449.0,25.0,165915.0,1647150.0,586.0,34.0,386568.0,16911639.0,658.0,25.0,455693.0,36565336.0
Maharashtra,Buldhana,701.0,44.0,84962.0,792.0,45.0,218739.0,1431965.0,896.0,33.0,353711.0,3813808.0,1240.0,50.0,852571.0,56295339.0,1228.0,37.0,1007060.0,124901015.0
Maharashtra,Chandrapur,587.0,32.0,67034.0,699.0,30.0,178696.0,1028185.0,764.0,33.0,291058.0,2610994.0,1005.0,55.0,693485.0,39923085.0,879.0,31.0,816312.0,90724553.0
Maharashtra,Chhatrapati Sambhajinagar,2702.0,75.0,266324.0,7505.0,76.0,644687.0,4267013.0,7185.0,72.0,1046306.0,20173098.0,6023.0,89.0,2300283.0,230600691.0,6948.0,72.0,2679421.0,455091665.0
Maharashtra,Dharashiv,449.0,48.0,51994.0,485.0,41.0,145109.0,911800.0,584.0,41.0,245431.0,2730318.0,699.0,37.0,580445.0,46315296.0,692.0,30.0,682522.0,106570369.0
Maharashtra,Dhule,526.0,41.0,63040.0,600.0,26.0,166252.0,946048.0,662.0,27.0,263999.0,2580240.0,715.0,39.0,631067.0,40075236.0,633.0,36.0,741512.0,90488361.0
Maharashtra,Gadchiroli,104.0,37.0,20462.0,118.0,40.0,57518.0,392997.0,138.0,39.0,93237.0,1027498.0,278.0,39.0,226894.0,11755716.0,243.0,35.0,269078.0,27923200.0
Maharashtra,Gondia,372.0,28.0,37761.0,389.0,25.0,98644.0,687976.0,343.0,37.0,154128.0,1532670.0,411.0,20.0,359604.0,16737183.0,405.0,28.0,422621.0,38903217.0
Maharashtra,Hingoli,212.0,30.0,27545.0,236.0,27.0,72615.0,474581.0,318.0,26.0,119554.0,1140774.0,356.0,25.0,301638.0,17148817.0,391.0,28.0,357576.0,43599427.0
Maharashtra,Jalgaon,984.0,53.0,156359.0,1177.0,65.0,383547.0,2264291.0,1249.0,61.0,605036.0,6064767.0,2057.0,73.0,1410012.0,84041323.0,2053.0,66.0,1655767.0,187527374.0
Maharashtra,Jalna,670.0,44.0,60373.0,823.0,43.0,156361.0,1028449.0,982.0,38.0,273333.0,3123448.0,1460.0,51.0,668316.0,45682145.0,1488.0,51.0,789850.0,107697979.0
Maharashtra,Kolhapur,958.0,43.0,172528.0,1092.0,56.0,454858.0,2364062.0,1015.0,49.0,738677.0,6835720.0,1779.0,51.0,1639701.0,91802940.0,2048.0,52.0,1904855.0,160995826.0
Maharashtra,Latur,566.0,44.0,101698.0,597.0,36.0,250662.0,1657220.0,616.0,58.0,398366.0,4323424.0,840.0,39.0,927949.0,71920550.0,905.0,43.0,1085739.0,170997139.0
Maharashtra,Mumbai,34211.0,131.0,233538.0,47202.0,172.0,670094.0,16099736.0,40168.0,176.0,1054509.0,42453186.0,30465.0,141.0,2276888.0,187145085.0,24377.0,132.0,2634732.0,217521824.0
Maharashtra,Nagpur,10135.0,130.0,280007.0,7319.0,108.0,765612.0,4485636.0,6541.0,139.0,1251510.0,21995879.0,5114.0,109.0,2775157.0,251375560.0,6414.0,139.0,3225345.0,415620937.0
Maharashtra,Nanded,796.0,59.0,99716.0,573.0,56.0,252342.0,1517981.0,898.0,55.0,412138.0,4291979.0,1273.0,82.0,996734.0,73086335.0,1293.0,64.0,1174088.0,176783037.0
Maharashtra,Nandurbar,289.0,35.0,27766.0,300.0,28.0,77352.0,408298.0,334.0,29.0,128739.0,1072917.0,448.0,32.0,324445.0,17607618.0,352.0,21.0,381655.0,41630628.0
Maharashtra,Palghar,1024.0,74.0,172502.0,1443.0,72.0,521918.0,2587181.0,1356.0,72.0,848560.0,9471995.0,409.0,31.0,1957628.0,82382036.0,356.0,35.0,2286819.0,175568349.0
Maharashtra,Parbhani,475.0,34.0,57487.0,537.0,40.0,138597.0,805567.0,596.0,31.0,225598.0,2183551.0,849.0,49.0,547272.0,43842095.0,905.0,28.0,644981.0,86595566.0
Maharashtra,Pune,11303.0,232.0,1211643.0,11431.0,262.0,3038402.0,27971449.0,9995.0,246.0,4802397.0,226916267.0,9747.0,295.0,10037022.0,1994176959.0,9761.0,274.0,11546171.0,2359478547.0
Maharashtra,Raigad,462.0,16.0,173015.0,481.0,42.0,509108.0,2577761.0,489.0,21.0,830643.0,9789564.0,473.0,38.0,1871153.0,110132103.0,473.0,26.0,2171470.0,233950177.0
Maharashtra,Ratnagiri,402.0,12.0,32596.0,442.0,21.0,103057.0,458786.0,356.0,14.0,181890.0,1351051.0,249.0,16.0,440075.0,13407782.0,281.0,18.0,514722.0,23791349.0
Maharashtra,Sangli,983.0,43.0,108867.0,1510.0,70.0,291314.0,1562222.0,1463.0,59.0,482269.0,4314648.0,1953.0,56.0,1112360.0,65794581.0,1564.0,69.0,1297851.0,134154768.0
Maharashtra,Satara,1101.0,47.0,116303.0,1258.0,51.0,332953.0,1832022.0,1218.0,56.0,569983.0,5968339.0,1304.0,40.0,1317832.0,81725567.0,1287.0,45.0,1537317.0,171934940.0
Maharashtra,Sindhudurg,190.0,8.0,19427.0,242.0,9.0,58911.0,287249.0,226.0,8.0,102279.0,794236.0,161.0,4.0,249054.0,6226028.0,182.0,14.0,292412.0,12341254.0
Maharashtra,Solapur,2020.0,78.0,190033.0,2337.0,88.0,505662.0,3332736.0,2507.0,82.0,821512.0,10132935.0,2771.0,69.0,1892509.0,170171073.0,2415.0,73.0,2209975.0,378995353.0
Maharashtra,Thane,4030.0,155.0,631864.0,4176.0,142.0,1834051.0,9826284.0,3578.0,123.0,2878073.0,39183188.0,5523.0,158.0,6314618.0,320019880.0,4959.0,157.0,7314981.0,660756158.0
Maharashtra,Wardha,603.0,32.0,46502.0,625.0,35.0,120193.0,753910.0,612.0,41.0,193238.0,2007828.0,561.0,44.0,444462.0,21586961.0,675.0,27.0,521047.0,46823061.0
Maharashtra,Washim,340.0,27.0,29299.0,369.0,22.0,78091.0,422432.0,337.0,31.0,129675.0,1237632.0,504.0,17.0,324314.0,194858079.0,474.0,25.0,383642.0,45471873.0
Maharashtra,Yavatmal,1077.0,54.0,57137.0,932.0,55.0,155775.0,853961.0,922.0,58.0,264447.0,2274310.0,1284.0,78.0,666609.0,39355970.0,1251.0,78.0,787805.0,91793928.0
Manipur,Bankura,62.0,8.0,2371.0,29.0,3.0,8537.0,51040.0,22.0,3.0,15333.0,92653.0,49.0,3.0,44031.0,522737.0,555.0,24.0,52163.0,549659.0
Manipur,Chandel,9.0,7.0,452.0,5.0,4.0,1691.0,9515.0,2.0,1.0,3471.0,31407.0,13.0,2.0,10406.0,180497.0,17.0,0.0,12511.0,146480.0
Manipur,Churachandpur,13.0,7.0,1524.0,12.0,5.0,6138.0,34663.0,28.0,4.0,12420.0,83264.0,62.0,9.0,38361.0,603490.0,325.0,18.0,45497.0,496084.0
Manipur,Imphal East,224.0,8.0,6759.0,291.0,4.0,21136.0,179146.0,271.0,7.0,36105.0,302223.0,309.0,8.0,98499.0,1450963.0,416.0,37.0,115869.0,1654636.0
Manipur,Imphal West,332.0,12.0,11304.0,393.0,13.0,33668.0,201889.0,431.0,14.0,57485.0,409384.0,649.0,5.0,151777.0,18591087.0,760.0,21.0,178251.0,2401131.0
Manipur,Jiribam,0.0,0.0,460.0,0.0,0.0,1759.0,13418.0,6.0,2.0,3051.0,26869.0,6.0,1.0,8381.0,149049.0,7.0,1.0,10008.0,259301.0
Manipur,Kakching,0.0,0.0,915.0,0.0,0.0,3850.0,16599.0,15.0,1.0,7075.0,37365.0,49.0,3.0,20700.0,411473.0,94.0,14.0,24577.0,166741.0
Manipur,Kamjong,0.0,0.0,108.0,0.0,0.0,382.0,1863.0,0.0,0.0,755.0,5123.0,1.0,0.0,2411.0,44505.0,1.0,1.0,3009.0,29438.0
Manipur,Kangpokpi,0.0,0.0,1439.0,0.0,0.0,5212.0,33404.0,8.0,3.0,10241.0,84806.0,10.0,3.0,30917.0,580844.0,54.0,18.0,36739.0,510715.0
Manipur,Noney,0.0,0.0,216.0,0.0,0.0,919.0,5931.0,1.0,5.0,1787.0,17826.0,1.0,1.0,5349.0,96796.0,4.0,3.0,6533.0,85338.0
Manipur,Pherzawl,0.0,0.0,24.0,0.0,0.0,98.0,173.0,0.0,1.0,245.0,1322.0,0.0,0.0,1020.0,13004.0,6.0,0.0,1326.0,18089.0
Manipur,Senapati,9.0,6.0,85.0,5.0,3.0,451.0,5901.0,2.0,2.0,922.0,21163.0,2.0,1.0,2658.0,195453.0,2.0,1.0,3259.0,223839.0
Manipur,Tamenglong,5.0,3.0,550.0,2.0,7.0,2148.0,10416.0,2.0,2.0,4169.0,34029.0,2.0,0.0,12843.0,202033.0,1.0,0.0,15465.0,204558.0
Manipur,Tengnoupal,0.0,0.0,352.0,0.0,0.0,1641.0,11670.0,2.0,3.0,3179.0,29476.0,6.0,1.0,9712.0,177962.0,50.0,4.0,11618.0,170741.0
Manipur,Thoubal,118.0,3.0,2764.0,156.0,9.0,9529.0,73193.0,80.0,5.0,16244.0,102905.0,105.0,8.0,46248.0,789959.0,99.0,6.0,54656.0,735115.0
Manipur,Ukhrul,8.0,9.0,602.0,4.0,4.0,2368.0,12337.0,7.0,3.0,4892.0,37371.0,4.0,2.0,15024.0,190871.0,3.0,2.0,18087.0,191467.0
Meghalaya,Ri Bhoi,76.0,9.0,0.0,77.0,9.0,0.0,0.0,104.0,9.0,0.0,0.0,137.0,10.0,0.0,0.0,122.0,9.0,0.0,0.0
Mizoram,Aizawl,498.0,8.0,4550.0,334.0,7.0,13422.0,84386.0,730.0,8.0,25253.0,209193.0,1028.0,14.0,71979.0,1449874.0,756.0,10.0,84499.0,2562145.0
Mizoram,Champhai,45.0,2.0,358.0,38.0,5.0,1179.0,4112.0,12.0,2.0,2448.0,12310.0,23.0,2.0,8148.0,117844.0,45.0,1.0,9876.0,246471.0
Mizoram,Hnahthial,0.0,0.0,0.0,0.0,0.0,0.0,0.0,0.0,0.0,0.0,0.0,9.0,0.0,0.0,0.0,14.0,1.0,0.0,0.0
Mizoram,Khawzawl,0.0,0.0,0.0,0.0,0.0,0.0,0.0,0.0,0.0,0.0,0.0,17.0,2.0,0.0,0.0,14.0,0.0,0.0,0.0
Mizoram,Kolasib,159.0,1.0,486.0,174.0,2.0,1730.0,10881.0,143.0,4.0,3360.0,28695.0,128.0,5.0,10051.0,187238.0,93.0,1.0,12085.0,507007.0
Mizoram,Lawngtlai,17.0,0.0,474.0,0.0,4.0,1648.0,4934.0,16.0,2.0,3996.0,22417.0,30.0,3.0,13917.0,221012.0,23.0,3.0,16779.0,462142.0
Mizoram,Lunglei,90.0,3.0,879.0,77.0,1.0,2910.0,15918.0,77.0,0.0,5778.0,45660.0,70.0,2.0,17393.0,323091.0,50.0,1.0,20891.0,581641.0
Mizoram,Mamit,52.0,4.0,316.0,44.0,5.0,1096.0,9361.0,36.0,4.0,2379.0,25211.0,59.0,1.0,7399.0,139277.0,42.0,2.0,9085.0,323998.0
Mizoram,Saiha,54.0,1.0,231.0,32.0,2.0,638.0,3687.0,23.0,2.0,1293.0,9665.0,34.0,0.0,4081.0,65240.0,40.0,3.0,4916.0,164142.0
Mizoram,Saitual,0.0,0.0,0.0,0.0,0.0,0.0,0.0,0.0,0.0,0.0,0.0,2.0,1.0,0.0,0.0,3.0,0.0,0.0,0.0
Mizoram,Serchhip,16.0,2.0,299.0,22.0,1.0,1047.0,6891.0,20.0,0.0,1992.0,16159.0,56.0,1.0,5783.0,98130.0,86.0,2.0,6995.0,225120.0
Nagaland,Dimapur,242.0,17.0,8249.0,269.0,17.0,28091.0,162636.0,254.0,8.0,53696.0,427321.0,0.0,0.0,152828.0,5174059.0,303.0,6.0,179628.0,7585658.0
Nagaland,Kiphire,8.0,1.0,168.0,8.0,0.0,862.0,4287.0,2.0,0.0,1814.0,15256.0,0.0,0.0,6491.0,77178.0,2.0,0.0,7857.0,156206.0
Nagaland,Kohima,49.0,8.0,3036.0,46.0,3.0,10747.0,75111.0,26.0,4.0,20644.0,178832.0,0.0,0.0,60269.0,1553097.0,37.0,2.0,70998.0,2135089.0
Nagaland,Longleng,0.0,0.0,121.0,4.0,0.0,539.0,2567.0,11.0,0.0,1430.0,9479.0,0.0,0.0,5691.0,67588.0,18.0,0.0,6951.0,119132.0
Nagaland,Mokokchung,9.0,3.0,1043.0,8.0,3.0,3721.0,25818.0,15.0,6.0,7626.0,62653.0,0.0,0.0,25058.0,306233.0,2.0,3.0,29997.0,638596.0
Nagaland,Mon,29.0,3.0,525.0,21.0,1.0,2458.0,16837.0,34.0,3.0,5747.0,61007.0,0.0,0.0,26501.0,281256.0,14.0,2.0,31941.0,623388.0
Nagaland,Noklak,0.0,0.0,0.0,0.0,0.0,0.0,0.0,0.0,0.0,0.0,0.0,0.0,0.0,0.0,0.0,0.0,0.0,0.0,0.0
Nagaland,Peren,9.0,1.0,218.0,12.0,3.0,884.0,5158.0,8.0,2.0,1899.0,14829.0,0.0,0.0,7042.0,97784.0,4.0,1.0,8518.0,209686.0
Nagaland,Phek,5.0,0.0,487.0,0.0,0.0,1727.0,10021.0,4.0,0.0,3637.0,30333.0,0.0,0.0,12359.0,181364.0,9.0,1.0,15014.0,328554.0
Nagaland,Shamator,0.0,0.0,0.0,0.0,0.0,0.0,0.0,0.0,0.0,0.0,0.0,0.0,0.0,0.0,0.0,0.0,0.0,0.0,0.0
Nagaland,Tseminyu,0.0,0.0,0.0,0.0,0.0,0.0,0.0,0.0,0.0,0.0,0.0,0.0,0.0,0.0,0.0,3.0,1.0,0.0,0.0
Nagaland,Tuensang,7.0,0.0,377.0,14.0,1.0,1678.0,14950.0,8.0,0.0,3634.0,32411.0,0.0,0.0,14523.0,174527.0,8.0,1.0,17533.0,355502.0
Nagaland,Wokha,18.0,2.0,465.0,27.0,0.0,1830.0,12766.0,11.0,1.0,4118.0,32219.0,0.0,0.0,15357.0,292678.0,20.0,0.0,18309.0,458666.0
Nagaland,Zunheboto,10.0,1.0,385.0,10.0,3.0,1374.0,11997.0,5.0,1.0,2898.0,72040.0,0.0,0.0,9817.0,121835.0,10.0,1.0,11884.0,216604.0
Odisha,Anugul,396.0,43.0,56617.0,425.0,52.0,150627.0,1805603.0,413.0,31.0,228339.0,3963317.0,670.0,38.0,509422.0,34357847.0,504.0,43.0,600818.0,79514309.0
Odisha,Baleshwar,354.0,45.0,100919.0,327.0,76.0,271095.0,6924125.0,402.0,70.0,410789.0,9064776.0,562.0,60.0,890218.0,47327107.0,984.0,66.0,1047618.0,109008464.0
Odisha,Bhadrak,188.0,33.0,58050.0,282.0,48.0,166600.0,3160750.0,320.0,43.0,265259.0,5057756.0,516.0,56.0,587089.0,34118231.0,633.0,54.0,690358.0,77752960.0
Odisha,Boudh,48.0,13.0,9077.0,32.0,18.0,27059.0,313940.0,69.0,13.0,41238.0,694832.0,81.0,13.0,94733.0,4496466.0,106.0,25.0,112899.0,11692116.0
Odisha,Cuttack,157.0,29.0,135972.0,202.0,47.0,372513.0,6040687.0,251.0,50.0,578471.0,14763558.0,282.0,67.0,1246094.0,98546540.0,295.0,72.0,1459368.0,203533761.0
Odisha,Deogarh,56.0,13.0,5322.0,60.0,13.0,15760.0,208829.0,37.0,13.0,25015.0,397661.0,103.0,18.0,60935.0,2880870.0,86.0,13.0,72961.0,7230868.0
Odisha,Dhenkanal,169.0,31.0,46024.0,155.0,45.0,123780.0,2704458.0,215.0,30.0,184164.0,4061264.0,286.0,44.0,408554.0,23833326.0,431.0,28.0,483284.0,58403434.0
Odisha,Gajapati,23.0,19.0,9743.0,38.0,9.0,29177.0,236975.0,38.0,12.0,49762.0,731961.0,78.0,13.0,121770.0,10637058.0,66.0,10.0,144440.0,18847612.0
Odisha,Ganjam,185.0,72.0,126158.0,170.0,74.0,332190.0,3952564.0,197.0,80.0,512643.0,8156180.0,399.0,57.0,1156695.0,72524454.0,597.0,85.0,1360516.0,159414249.0
Odisha,Jagatsinghapur,112.0,25.0,49264.0,96.0,35.0,138170.0,2222157.0,136.0,44.0,216687.0,3765176.0,317.0,31.0,478526.0,28774337.0,346.0,30.0,562773.0,68689834.0
Odisha,Jajapur,365.0,71.0,81133.0,302.0,66.0,236643.0,4004626.0,378.0,71.0,359087.0,7602946.0,523.0,61.0,779435.0,51447455.0,591.0,50.0,915677.0,125737452.0
Odisha,Jharsuguda,295.0,24.0,32514.0,238.0,31.0,86772.0,865412.0,190.0,24.0,127804.0,2069255.0,285.0,19.0,286528.0,20305886.0,335.0,22.0,336999.0,47014261.0
Odisha,Kalahandi,97.0,47.0,30605.0,125.0,41.0,88614.0,866869.0,159.0,47.0,142961.0,1794149.0,278.0,36.0,346059.0,19518833.0,295.0,34.0,411197.0,51074261.0
Odisha,Kandhamal,90.0,43.0,10809.0,94.0,24.0,32425.0,266518.0,100.0,25.0,53868.0,671549.0,130.0,26.0,135276.0,9252922.0,193.0,46.0,160365.0,16913538.0
Odisha,Kendrapara,101.0,39.0,44379.0,103.0,46.0,128331.0,2020006.0,147.0,57.0,205010.0,3616668.0,261.0,55.0,469483.0,25686845.0,388.0,43.0,553069.0,61387858.0
Odisha,Kendujhar,265.0,56.0,58968.0,273.0,75.0,167750.0,2636089.0,290.0,74.0,253988.0,5135693.0,428.0,80.0,573097.0,35676761.0,571.0,71.0,678417.0,88575404.0
Odisha,Koraput,203.0,55.0,25395.0,154.0,34.0,70168.0,569387.0,190.0,40.0,113919.0,1429209.0,251.0,46.0,272545.0,20282798.0,240.0,53.0,321793.0,53031124.0
Odisha,Malkangiri,50.0,29.0,5396.0,34.0,25.0,18853.0,113153.0,79.0,35.0,36017.0,357278.0,152.0,36.0,97476.0,5846027.0,112.0,31.0,116714.0,17812112.0
Odisha,Mayurbhanj,162.0,77.0,50472.0,177.0,77.0,141789.0,2196737.0,274.0,86.0,223893.0,3275239.0,721.0,99.0,519691.0,26131302.0,939.0,77.0,617734.0,60647188.0
Odisha,Nabarangpur,60.0,29.0,9466.0,42.0,33.0,31360.0,237929.0,55.0,29.0,54715.0,635400.0,158.0,23.0,142795.0,9429592.0,148.0,38.0,171513.0,25994574.0
Odisha,Nayagarh,111.0,30.0,33533.0,102.0,36.0,95412.0,2175270.0,136.0,48.0,145821.0,3084951.0,172.0,43.0,317861.0,17052960.0,162.0,26.0,375269.0,39849711.0
Odisha,Nuapada,73.0,14.0,8252.0,92.0,10.0,26448.0,205727.0,112.0,13.0,46063.0,470779.0,145.0,11.0,116868.0,6320494.0,91.0,13.0,139178.0,17111395.0
Odisha,Puri,423.0,61.0,69923.0,441.0,59.0,195690.0,3189218.0,459.0,47.0,311477.0,5813075.0,711.0,53.0,687988.0,44721509.0,702.0,54.0,807052.0,108544661.0
Odisha,Rayagada,102.0,39.0,21756.0,93.0,26.0,62764.0,500682.0,145.0,29.0,103064.0,1547525.0,174.0,27.0,244361.0,18452807.0,172.0,26.0,289418.0,45736580.0
Odisha,Sambalpur,410.0,38.0,47017.0,483.0,37.0,120726.0,1332366.0,494.0,41.0,183534.0,3319615.0,738.0,48.0,410880.0,30799122.0,607.0,40.0,482779.0,67371826.0
Odisha,Subarnapur,63.0,16.0,15900.0,82.0,9.0,46710.0,834393.0,141.0,18.0,68480.0,1218515.0,152.0,15.0,153663.0,7021327.0,132.0,10.0,182955.0,17745706.0
Odisha,Sundargarh,223.0,49.0,75201.0,241.0,53.0,198716.0,1682285.0,199.0,45.0,313040.0,4278748.0,398.0,39.0,721849.0,45179669.0,388.0,32.0,847722.0,102135151.0
Puducherry,Karaikal,59.0,3.0,3628.0,0.0,0.0,11549.0,87329.0,0.0,0.0,20775.0,182655.0,0.0,0.0,53685.0,1724825.0,46.0,1.0,62687.0,3687843.0
Puducherry,Puducherry,593.0,22.0,42117.0,622.0,29.0,112798.0,590321.0,484.0,29.0,195398.0,2465949.0,505.0,30.0,455449.0,26462735.0,356.0,27.0,528736.0,37402967.0
Punjab,Amritsar,169.0,42.0,59685.0,126.0,44.0,171264.0,741025.0,148.0,41.0,303767.0,2373812.0,263.0,51.0,715172.0,20358657.0,350.0,51.0,828669.0,40068771.0
Punjab,Barnala,123.0,18.0,12242.0,140.0,15.0,30391.0,125750.0,122.0,10.0,51941.0,304666.0,184.0,11.0,126808.0,2086494.0,144.0,17.0,148058.0,4524396.0
Punjab,Bathinda,286.0,41.0,52466.0,317.0,39.0,128070.0,683178.0,305.0,39.0,200425.0,1586613.0,430.0,36.0,458473.0,11157441.0,358.0,42.0,534058.0,22056556.0
Punjab,Faridkot,81.0,12.0,14795.0,81.0,15.0,36743.0,190244.0,122.0,21.0,61578.0,412721.0,161.0,16.0,148348.0,3393016.0,158.0,15.0,172448.0,5882060.0
Punjab,Fatehgarh Sahib,85.0,15.0,14764.0,73.0,11.0,40342.0,209520.0,94.0,5.0,72422.0,587355.0,125.0,15.0,178883.0,4205728.0,80.0,20.0,208953.0,9597716.0
Punjab,Fazilka,68.0,21.0,44823.0,83.0,32.0,104942.0,603805.0,105.0,26.0,168714.0,1257208.0,139.0,21.0,397546.0,9587383.0,138.0,16.0,465859.0,19093488.0
Punjab,Firozepur,183.0,27.0,19987.0,221.0,34.0,52617.0,306753.0,204.0,29.0,90278.0,691887.0,163.0,23.0,213850.0,4870532.0,144.0,27.0,248667.0,10327981.0
Punjab,Gurdaspur,197.0,31.0,21372.0,196.0,35.0,62502.0,248191.0,165.0,41.0,116534.0,660743.0,332.0,34.0,296711.0,6333916.0,284.0,29.0,345175.0,14578780.0
Punjab,Hoshiarpur,231.0,27.0,25348.0,208.0,29.0,72128.0,316258.0,241.0,29.0,129693.0,787560.0,332.0,29.0,330374.0,6753148.0,281.0,22.0,386238.0,14631197.0
Punjab,Jalandhar,188.0,18.0,57808.0,116.0,27.0,164130.0,802512.0,167.0,21.0,282191.0,2809589.0,304.0,32.0,677948.0,18135969.0,278.0,32.0,787722.0,34188905.0
Punjab,Kapurthala,154.0,18.0,18281.0,189.0,17.0,46907.0,393046.0,296.0,24.0,80875.0,1713909.0,111.0,16.0,192350.0,9693669.0,146.0,18.0,223542.0,23138436.0
Punjab,Ludhiana,269.0,44.0,168625.0,226.0,30.0,454370.0,2877688.0,202.0,35.0,756590.0,11862139.0,352.0,40.0,1807587.0,113110443.0,224.0,33.0,2111816.0,95700797.0
Punjab,Mansa,82.0,24.0,20521.0,102.0,21.0,45716.0,272053.0,80.0,25.0,74105.0,443016.0,153.0,28.0,174255.0,2524160.0,113.0,15.0,203353.0,4790509.0
Punjab,Moga,172.0,20.0,13894.0,150.0,24.0,37832.0,209027.0,188.0,23.0,69394.0,418204.0,148.0,28.0,176119.0,3694419.0,136.0,19.0,204832.0,7334365.0
Punjab,Pathankot,96.0,10.0,20420.0,61.0,6.0,59669.0,393437.0,63.0,8.0,99453.0,813691.0,81.0,7.0,234003.0,6895154.0,56.0,7.0,272259.0,15396672.0
Punjab,Patiala,331.0,50.0,66507.0,507.0,56.0,169872.0,921587.0,438.0,50.0,287330.0,2317766.0,496.0,42.0,662760.0,16301309.0,407.0,47.0,768945.0,31776126.0
Punjab,Sangrur,220.0,32.0,37485.0,248.0,32.0,97326.0,722500.0,346.0,44.0,161513.0,1434313.0,389.0,24.0,386728.0,6733189.0,290.0,38.0,451041.0,13929715.0
Punjab,Sas Nagar,435.0,22.0,121113.0,480.0,30.0,298288.0,1991253.0,489.0,33.0,460416.0,7753929.0,643.0,22.0,987246.0,45705481.0,648.0,42.0,1140194.0,89658384.0
Punjab,Shahid Bhagat Singh Nagar,119.0,8.0,7519.0,100.0,10.0,21180.0,150872.0,105.0,13.0,38821.0,307662.0,95.0,9.0,98870.0,1742295.0,107.0,14.0,115446.0,3816125.0
Punjab,Sri Muktsar Sahib,159.0,23.0,21239.0,151.0,35.0,51650.0,269420.0,184.0,20.0,84164.0,537744.0,147.0,32.0,200066.0,3610854.0,77.0,27.0,233960.0,7358599.0
Punjab,Tarn Taran,149.0,36.0,11244.0,121.0,25.0,33774.0,153851.0,151.0,36.0,66491.0,407197.0,204.0,32.0,173666.0,4504032.0,239.0,33.0,202765.0,10415882.0
Rajasthan,Ajmer,867.0,49.0,118458.0,806.0,60.0,290433.0,1505948.0,1194.0,54.0,482545.0,5609801.0,1626.0,60.0,1146113.0,94597438.0,1518.0,73.0,1334929.0,205456650.0
Rajasthan,Alwar,2633.0,121.0,203096.0,2620.0,109.0,517681.0,3769019.0,3514.0,115.0,825297.0,12872559.0,3936.0,131.0,1931404.0,133695935.0,3158.0,106.0,2270393.0,306210893.0
Rajasthan,Banswara,158.0,40.0,18977.0,184.0,42.0,48096.0,245345.0,368.0,33.0,82838.0,637600.0,322.0,47.0,230384.0,9944757.0,257.0,42.0,273274.0,29826320.0
Rajasthan,Baran,397.0,38.0,34380.0,395.0,30.0,84261.0,531555.0,585.0,33.0,133269.0,1616328.0,446.0,43.0,336236.0,16156455.0,382.0,53.0,401079.0,38826526.0
Rajasthan,Barmer,364.0,35.0,60424.0,369.0,28.0,167463.0,892150.0,530.0,40.0,286601.0,2948457.0,664.0,44.0,776885.0,54567844.0,641.0,56.0,924996.0,134188378.0
Rajasthan,Bharatpur,1367.0,88.0,68429.0,1456.0,85.0,186048.0,1208023.0,1767.0,86.0,329290.0,3334503.0,1814.0,88.0,880577.0,36172928.0,2100.0,89.0,1044485.0,97060293.0
Rajasthan,Bhilwara,870.0,40.0,111753.0,870.0,39.0,276384.0,2012172.0,887.0,40.0,442746.0,7434129.0,1040.0,39.0,1065499.0,88282062.0,1293.0,49.0,1256777.0,199079632.0
Rajasthan,Bikaner,329.0,43.0,86986.0,287.0,41.0,217474.0,1204383.0,475.0,54.0,362779.0,4061801.0,619.0,59.0,895948.0,57003510.0,757.0,80.0,1053646.0,133538547.0
Rajasthan,Bundi,287.0,19.0,33190.0,246.0,20.0,86749.0,499599.0,381.0,15.0,142309.0,1837333.0,346.0,23.0,355631.0,19801834.0,337.0,15.0,423170.0,50540867.0
Rajasthan,Chittorgarh,766.0,27.0,59344.0,759.0,32.0,145818.0,944291.0,873.0,31.0,231108.0,2807484.0,809.0,40.0,570826.0,34627184.0,746.0,33.0,674975.0,84027435.0
Rajasthan,Churu,260.0,39.0,65574.0,209.0,37.0,168353.0,859176.0,323.0,38.0,275729.0,2588168.0,358.0,35.0,689946.0,33521050.0,279.0,47.0,817478.0,82525835.0
Rajasthan,Dausa,660.0,31.0,75701.0,638.0,35.0,195832.0,1618623.0,926.0,34.0,308670.0,5731768.0,960.0,46.0,711545.0,50841238.0,837.0,35.0,840526.0,112262306.0
Rajasthan,Dholpur,453.0,50.0,22160.0,423.0,50.0,60029.0,342026.0,506.0,65.0,101624.0,978788.0,690.0,48.0,261343.0,13659678.0,569.0,46.0,310116.0,39539522.0
Rajasthan,Dungarpur,102.0,32.0,17191.0,133.0,39.0,43910.0,180568.0,145.0,29.0,76324.0,494694.0,130.0,44.0,208688.0,7615898.0,124.0,41.0,247078.0,19313233.0
Rajasthan,Ganganagar,333.0,64.0,89175.0,366.0,56.0,210336.0,1496484.0,488.0,67.0,310884.0,4047863.0,665.0,67.0,667880.0,48667524.0,529.0,46.0,779442.0,114373295.0
Rajasthan,Hanumangarh,261.0,56.0,61196.0,260.0,51.0,144397.0,1079330.0,331.0,53.0,216674.0,2995476.0,424.0,58.0,480902.0,31878979.0,395.0,42.0,564616.0,74412086.0
Rajasthan,Jaipur,699.0,29.0,900773.0,729.0,45.0,2060175.0,17818081.0,1165.0,61.0,2966508.0,127297935.0,1167.0,56.0,6247095.0,1359854306.0,1660.0,69.0,7253881.0,1248380771.0
Rajasthan,Jaisalmer,192.0,12.0,21619.0,133.0,13.0,61453.0,323869.0,218.0,12.0,105533.0,1210491.0,253.0,17.0,277620.0,22711852.0,196.0,10.0,330610.0,54094415.0
Rajasthan,Jalor,0.0,0.0,0.0,0.0,0.0,0.0,0.0,0.0,0.0,0.0,0.0,0.0,0.0,0.0,0.0,162.0,22.0,0.0,0.0
Rajasthan,Jalore,259.0,29.0,35230.0,242.0,35.0,103490.0,421720.0,386.0,33.0,180293.0,1356832.0,359.0,44.0,474939.0,21422753.0,203.0,17.0,561499.0,53305245.0
Rajasthan,Jhalawar,518.0,23.0,34416.0,469.0,35.0,92752.0,657546.0,659.0,46.0,155961.0,2307400.0,672.0,32.0,406945.0,23089556.0,647.0,32.0,485430.0,57168759.0
Rajasthan,Jhunjhunu,454.0,32.0,98912.0,408.0,39.0,238956.0,1363349.0,651.0,61.0,386643.0,5316322.0,614.0,37.0,917983.0,49572838.0,486.0,35.0,1080420.0,114859393.0
Rajasthan,Jodhpur,305.0,39.0,172648.0,297.0,29.0,434178.0,2177289.0,418.0,34.0,695569.0,8950225.0,573.0,31.0,1654436.0,168916536.0,499.0,44.0,1933181.0,274597566.0
Rajasthan,Karauli,541.0,38.0,38670.0,572.0,38.0,102283.0,692885.0,632.0,40.0,164040.0,2187284.0,630.0,43.0,407145.0,21839245.0,905.0,29.0,482948.0,59200398.0
Rajasthan,Kota,1312.0,40.0,141411.0,1290.0,48.0,318085.0,2129008.0,1914.0,44.0,483202.0,8655674.0,1719.0,51.0,1079455.0,91148969.0,1876.0,46.0,1264105.0,185732175.0
Rajasthan,Nagaur,577.0,52.0,101581.0,533.0,45.0,259361.0,1537571.0,577.0,67.0,437492.0,4335265.0,1072.0,58.0,1091225.0,64657973.0,1014.0,62.0,1290786.0,147876448.0
Rajasthan,Pali,454.0,47.0,61805.0,440.0,53.0,162537.0,742787.0,697.0,49.0,268302.0,2286965.0,682.0,55.0,670709.0,35924896.0,569.0,44.0,789720.0,81666436.0
Rajasthan,Pratapgarh,97.0,29.0,13060.0,108.0,24.0,32514.0,228911.0,169.0,29.0,55077.0,507023.0,245.0,40.0,153524.0,8041012.0,177.0,23.0,184649.0,22383412.0
Rajasthan,Rajsamand,163.0,22.0,29111.0,250.0,17.0,78583.0,422919.0,517.0,35.0,135151.0,1282671.0,421.0,37.0,346892.0,21463852.0,368.0,23.0,409987.0,47664940.0
Rajasthan,Sawai Madhopur,634.0,21.0,54942.0,642.0,34.0,133291.0,1027459.0,849.0,28.0,209020.0,3415019.0,728.0,35.0,508180.0,32241337.0,1322.0,51.0,601854.0,73186868.0
Rajasthan,Sikar,856.0,49.0,133983.0,873.0,46.0,318166.0,1931477.0,1244.0,64.0,522371.0,6417851.0,1397.0,61.0,1241633.0,81952688.0,1347.0,75.0,1461236.0,186210696.0
Rajasthan,Sirohi,219.0,24.0,30697.0,191.0,32.0,79721.0,398757.0,263.0,33.0,129859.0,1193505.0,388.0,44.0,316745.0,16163006.0,356.0,37.0,371512.0,37695024.0
Rajasthan,Sriganganagar,0.0,0.0,0.0,0.0,0.0,0.0,0.0,0.0,0.0,0.0,0.0,0.0,0.0,0.0,0.0,153.0,20.0,0.0,0.0
Rajasthan,Tonk,297.0,18.0,51391.0,298.0,17.0,134480.0,980320.0,549.0,21.0,216178.0,3665225.0,549.0,38.0,525758.0,35397605.0,515.0,37.0,625020.0,77839320.0
Rajasthan,Udaipur,836.0,74.0,111919.0,871.0,57.0,258915.0,1539568.0,1121.0,80.0,422167.0,5960746.0,1332.0,114.0,992940.0,73815840.0,1503.0,108.0,1161696.0,138216661.0
Sikkim,East,68.0,6.0,12749.0,21.0,5.0,36124.0,208920.0,23.0,10.0,61820.0,1499096.0,0.0,0.0,145199.0,6545880.0,0.0,0.0,168229.0,10551772.0
Sikkim,East District,0.0,0.0,0.0,0.0,0.0,0.0,0.0,0.0,0.0,0.0,0.0,19.0,3.0,0.0,0.0,32.0,7.0,0.0,0.0
Sikkim,North,2.0,1.0,1575.0,0.0,0.0,5322.0,36313.0,2.0,1.0,9022.0,96464.0,0.0,0.0,21354.0,676190.0,0.0,0.0,25062.0,1476380.0
Sikkim,North District,0.0,0.0,0.0,0.0,0.0,0.0,0.0,0.0,0.0,0.0,0.0,0.0,1.0,0.0,0.0,0.0,0.0,0.0,0.0
Sikkim,South,9.0,3.0,3679.0,10.0,4.0,11031.0,87252.0,7.0,4.0,21043.0,227459.0,0.0,0.0,52942.0,1490323.0,0.0,0.0,61782.0,3527445.0
Sikkim,South District,0.0,0.0,0.0,0.0,0.0,0.0,0.0,0.0,0.0,0.0,0.0,7.0,1.0,0.0,0.0,10.0,2.0,0.0,0.0
Sikkim,West,0.0,3.0,2048.0,2.0,3.0,6479.0,49204.0,0.0,2.0,12746.0,125018.0,0.0,0.0,32945.0,809087.0,0.0,0.0,38748.0,1915759.0
Sikkim,West District,0.0,0.0,0.0,0.0,0.0,0.0,0.0,0.0,0.0,0.0,0.0,2.0,4.0,0.0,0.0,4.0,3.0,0.0,0.0
Tamil Nadu,Ariyalur,22.0,20.0,9211.0,54.0,17.0,32852.0,143939.0,64.0,22.0,60040.0,389768.0,119.0,19.0,162294.0,4219886.0,83.0,16.0,192354.0,8844498.0
Tamil Nadu,Chennai,4158.0,154.0,292004.0,3891.0,172.0,830586.0,20270865.0,3618.0,172.0,1340762.0,49990185.0,3230.0,101.0,2885933.0,271799073.0,3333.0,105.0,3324538.0,239776843.0
Tamil Nadu,Coimbatore,656.0,68.0,170306.0,820.0,67.0,495350.0,4777586.0,819.0,88.0,868832.0,16142363.0,1376.0,70.0,2042019.0,151245264.0,1430.0,74.0,2365485.0,177592855.0
Tamil Nadu,Cuddalore,235.0,48.0,43486.0,255.0,53.0,138966.0,707760.0,184.0,48.0,247650.0,1694344.0,286.0,43.0,640477.0,18496267.0,226.0,52.0,751246.0,35458663.0
Tamil Nadu,Dharmapuri,218.0,36.0,33682.0,180.0,35.0,111273.0,557317.0,80.0,19.0,194617.0,1604687.0,155.0,33.0,493000.0,23257825.0,143.0,23.0,580651.0,52570647.0
Tamil Nadu,Dindigul,356.0,36.0,34025.0,281.0,39.0,109937.0,593899.0,218.0,71.0,204661.0,1567579.0,257.0,71.0,533017.0,20533419.0,306.0,62.0,625745.0,41639361.0
Tamil Nadu,Erode,264.0,35.0,53761.0,269.0,22.0,157469.0,943055.0,263.0,35.0,279035.0,3065623.0,297.0,25.0,715174.0,32606844.0,252.0,37.0,835835.0,48377140.0
Tamil Nadu,Kancheepuram,437.0,67.0,351562.0,331.0,53.0,963136.0,7407345.0,231.0,62.0,1539459.0,29477756.0,254.0,50.0,3367617.0,296511201.0,204.0,67.0,3903858.0,343756555.0
Tamil Nadu,Kanniyakumari,296.0,26.0,28347.0,332.0,38.0,87667.0,367332.0,502.0,31.0,171611.0,1104285.0,335.0,36.0,449614.0,13125500.0,272.0,31.0,523733.0,27348815.0
Tamil Nadu,Karur,136.0,15.0,19098.0,131.0,20.0,58673.0,351711.0,109.0,15.0,102936.0,901476.0,134.0,14.0,269769.0,8804629.0,108.0,18.0,317783.0,18059191.0
Tamil Nadu,Krishnagiri,234.0,47.0,66958.0,182.0,52.0,212859.0,1408805.0,212.0,44.0,379857.0,3720976.0,137.0,53.0,944553.0,57023717.0,176.0,59.0,1103984.0,130743250.0
Tamil Nadu,Madurai,894.0,92.0,72582.0,901.0,101.0,224783.0,1140773.0,645.0,111.0,402474.0,3723567.0,973.0,100.0,996514.0,56190041.0,1101.0,100.0,1160424.0,58533271.0
Tamil Nadu,Nagapattinam,205.0,32.0,15626.0,242.0,27.0,54318.0,225590.0,198.0,39.0,101777.0,676617.0,215.0,41.0,273807.0,7084967.0,181.0,25.0,321856.0,15394712.0
Tamil Nadu,Namakkal,138.0,40.0,38529.0,97.0,40.0,112549.0,768989.0,98.0,40.0,191510.0,1706989.0,118.0,29.0,484476.0,19680831.0,109.0,35.0,568047.0,35173983.0
Tamil Nadu,Perambalur,68.0,6.0,8476.0,57.0,13.0,27434.0,115050.0,62.0,12.0,50493.0,366169.0,169.0,14.0,135997.0,4005257.0,150.0,12.0,160466.0,8603518.0
Tamil Nadu,Salem,288.0,65.0,88288.0,351.0,62.0,257624.0,1733863.0,356.0,68.0,442045.0,5070774.0,449.0,55.0,1100202.0,93982347.0,402.0,72.0,1286923.0,87979630.0
Tamil Nadu,Thanjavur,290.0,65.0,36258.0,233.0,63.0,113549.0,770675.0,178.0,64.0,208798.0,1879275.0,554.0,68.0,539170.0,13995685.0,503.0,51.0,631126.0,27216531.0
Tamil Nadu,Theni,213.0,29.0,18253.0,179.0,36.0,60522.0,272723.0,154.0,37.0,111186.0,721869.0,179.0,53.0,298400.0,10678798.0,284.0,46.0,349442.0,22116644.0
Tamil Nadu,Thiruvallur,262.0,41.0,215622.0,345.0,33.0,625908.0,3565661.0,190.0,40.0,1041642.0,12730785.0,979.0,82.0,2393917.0,99759915.0,756.0,87.0,2781638.0,201823590.0
Tamil Nadu,Thiruvarur,109.0,25.0,11170.0,142.0,25.0,39202.0,174588.0,129.0,21.0,75272.0,491496.0,96.0,21.0,205722.0,4633470.0,128.0,18.0,241851.0,9914700.0
Tamil Nadu,Thoothukudi,465.0,69.0,0.0,317.0,60.0,0.0,0.0,207.0,72.0,0.0,0.0,301.0,84.0,0.0,0.0,304.0,74.0,0.0,0.0
Tamil Nadu,Tirunelveli,0.0,0.0,43006.0,0.0,0.0,135571.0,682230.0,0.0,0.0,250400.0,1611659.0,366.0,41.0,656278.0,19664445.0,349.0,39.0,769200.0,40817876.0
Tamil Nadu,Tiruppur,338.0,49.0,87652.0,312.0,64.0,273869.0,2026468.0,310.0,60.0,488697.0,5860786.0,411.0,59.0,1237941.0,66162923.0,411.0,55.0,1450347.0,111975987.0
Tamil Nadu,Vellore,540.0,74.0,98486.0,411.0,75.0,301092.0,1491163.0,277.0,89.0,534086.0,5222196.0,390.0,71.0,1327549.0,53661439.0,418.0,65.0,1552254.0,112288242.0
Tamil Nadu,Viluppuram,470.0,82.0,31546.0,421.0,59.0,100564.0,495095.0,285.0,79.0,181301.0,1390181.0,393.0,47.0,460488.0,13721030.0,594.0,58.0,541758.0,26815224.0
Tamil Nadu,Virudhunagar,191.0,49.0,27079.0,166.0,61.0,87060.0,356201.0,150.0,59.0,158388.0,1094894.0,295.0,58.0,420518.0,12423982.0,282.0,61.0,494396.0,24702065.0
Telangana,Adilabad,103.0,9.0,20180.0,135.0,15.0,52692.0,291415.0,115.0,12.0,90082.0,1038221.0,138.0,12.0,222025.0,18592121.0,171.0,19.0,261547.0,42125371.0
Telangana,Bhadradri Kothagudem,183.0,32.0,57366.0,146.0,28.0,143331.0,951054.0,194.0,35.0,240218.0,3598657.0,335.0,25.0,567571.0,49942429.0,256.0,27.0,666127.0,110459416.0
Telangana,Hyderabad,2509.0,64.0,655175.0,2229.0,81.0,1638436.0,20849768.0,2511.0,86.0,2483843.0,196496204.0,2995.0,79.0,5176899.0,2971669634.0,3240.0,94.0,5928930.0,1375458147.0
Telangana,Jogulamba Gadwal,244.0,7.0,21686.0,275.0,10.0,57206.0,336402.0,427.0,13.0,98743.0,1405757.0,227.0,20.0,243224.0,18534339.0,172.0,11.0,287594.0,43606885.0
Telangana,Kamareddy,155.0,23.0,38028.0,158.0,24.0,96369.0,575547.0,240.0,26.0,162054.0,2462940.0,441.0,40.0,383869.0,30033046.0,486.0,37.0,452089.0,68614676.0
Telangana,Karimnagar,237.0,19.0,100028.0,291.0,15.0,218609.0,1642647.0,170.0,17.0,334300.0,6072373.0,156.0,24.0,718193.0,68472278.0,196.0,21.0,835681.0,148750233.0
Telangana,Khammam,352.0,30.0,84941.0,293.0,27.0,206049.0,1185890.0,297.0,14.0,340747.0,5052277.0,385.0,25.0,790500.0,68889337.0,335.0,29.0,925918.0,153020936.0
Telangana,Mahabubabad,100.0,19.0,32847.0,104.0,17.0,80528.0,486505.0,78.0,13.0,133329.0,2188158.0,112.0,28.0,314702.0,25440402.0,109.0,10.0,371553.0,54966518.0
Telangana,Mahabubnagar,287.0,27.0,0.0,255.0,21.0,0.0,0.0,142.0,20.0,0.0,0.0,223.0,21.0,0.0,0.0,267.0,27.0,0.0,0.0
Telangana,Medak,99.0,25.0,29694.0,105.0,18.0,79145.0,498656.0,120.0,18.0,131276.0,2119345.0,260.0,32.0,305395.0,26021170.0,273.0,37.0,359688.0,60077642.0
Telangana,Nagarkurnool,111.0,23.0,32570.0,256.0,13.0,93752.0,565584.0,105.0,18.0,165017.0,2393310.0,147.0,26.0,394485.0,35687766.0,144.0,31.0,465123.0,79154993.0
Telangana,Nalgonda,179.0,39.0,84459.0,176.0,33.0,211184.0,1307898.0,268.0,46.0,351793.0,5219036.0,327.0,35.0,830827.0,78361521.0,327.0,30.0,975830.0,175917441.0
Telangana,Narayanpet,0.0,0.0,13945.0,0.0,0.0,40074.0,251990.0,45.0,10.0,69951.0,949749.0,58.0,10.0,172242.0,12541810.0,37.0,9.0,203622.0,29107360.0
Telangana,Nirmal,84.0,15.0,25519.0,64.0,16.0,62468.0,934613.0,90.0,9.0,105257.0,1477822.0,118.0,15.0,257611.0,20552021.0,131.0,8.0,304059.0,47772152.0
Telangana,Nizamabad,530.0,27.0,77516.0,582.0,24.0,186351.0,924420.0,500.0,32.0,320572.0,4269844.0,787.0,58.0,761985.0,63821691.0,877.0,52.0,889165.0,145504844.0
Telangana,Sangareddy,259.0,37.0,142807.0,214.0,35.0,346529.0,2075714.0,362.0,49.0,542540.0,10089878.0,508.0,45.0,1212607.0,131119063.0,435.0,52.0,1411306.0,323648745.0
Telangana,Siddipet,147.0,25.0,61535.0,186.0,18.0,152281.0,995403.0,342.0,11.0,245168.0,4247130.0,424.0,23.0,549109.0,52678746.0,506.0,18.0,643516.0,119070865.0
Telangana,Suryapet,154.0,25.0,52906.0,155.0,22.0,131272.0,777973.0,153.0,29.0,215377.0,2907516.0,305.0,27.0,513436.0,46213673.0,248.0,24.0,603320.0,103715113.0
Telangana,Vikarabad,78.0,21.0,29719.0,65.0,24.0,82823.0,488502.0,111.0,28.0,146927.0,1859701.0,158.0,30.0,355447.0,31108195.0,119.0,30.0,418255.0,67050916.0
Telangana,Wanaparthy,142.0,15.0,20785.0,193.0,6.0,56006.0,368756.0,155.0,15.0,95305.0,1380136.0,138.0,13.0,223966.0,19317724.0,159.0,11.0,262957.0,42509806.0
Telangana,Warangal,269.0,51.0,170541.0,387.0,47.0,388010.0,3342145.0,347.0,45.0,595870.0,15087334.0,558.0,41.0,1280746.0,142939960.0,571.0,48.0,1490261.0,279245261.0
Tripura,Dhalai,18.0,13.0,3448.0,19.0,6.0,13219.0,74883.0,14.0,12.0,22808.0,165397.0,15.0,17.0,56918.0,1051886.0,20.0,15.0,67846.0,2680800.0
Tripura,Gomati,35.0,12.0,4509.0,41.0,15.0,16370.0,101579.0,48.0,17.0,26688.0,229833.0,35.0,7.0,65137.0,1097767.0,28.0,8.0,77781.0,2625462.0
Tripura,Unakoti,11.0,6.0,2484.0,21.0,18.0,8750.0,66340.0,22.0,12.0,15593.0,105179.0,17.0,6.0,39208.0,788776.0,28.0,5.0,46606.0,1970205.0
Uttar Pradesh,Agra,3017.0,117.0,148387.0,3024.0,124.0,392222.0,1897667.0,2528.0,123.0,668251.0,5821816.0,1961.0,80.0,1567104.0,85523087.0,1601.0,96.0,1827812.0,155860074.0
Uttar Pradesh,Aligarh,1542.0,134.0,84375.0,1300.0,113.0,221771.0,1215055.0,1018.0,111.0,389467.0,3377785.0,1321.0,98.0,954758.0,53283732.0,1625.0,75.0,1116196.0,111011830.0
Uttar Pradesh,Ambedkar Nagar,191.0,27.0,36853.0,202.0,35.0,105456.0,845316.0,186.0,27.0,173558.0,1693606.0,347.0,43.0,430997.0,12793957.0,206.0,31.0,509939.0,35285564.0
Uttar Pradesh,Amethi,274.0,33.0,28949.0,253.0,34.0,80707.0,594951.0,261.0,41.0,136952.0,1253474.0,246.0,35.0,347875.0,11514548.0,220.0,36.0,412459.0,31180527.0
Uttar Pradesh,Auraiya,247.0,51.0,21705.0,257.0,43.0,61805.0,475856.0,193.0,45.0,106853.0,899230.0,286.0,29.0,267934.0,9544455.0,203.0,23.0,316229.0,25971593.0
Uttar Pradesh,Ayodhya,559.0,35.0,51410.0,409.0,33.0,136314.0,964686.0,370.0,32.0,217835.0,2113269.0,412.0,46.0,523710.0,20640822.0,420.0,29.0,615546.0,50424429.0
Uttar Pradesh,Azamgarh,513.0,65.0,68976.0,441.0,40.0,203791.0,1292406.0,423.0,55.0,334030.0,2761441.0,510.0,46.0,819779.0,31217949.0,615.0,39.0,965487.0,77993258.0
Uttar Pradesh,Baghpat,384.0,57.0,27155.0,417.0,63.0,79331.0,403417.0,363.0,62.0,138206.0,1221289.0,451.0,49.0,334159.0,15915244.0,421.0,42.0,390418.0,40525128.0
Uttar Pradesh,Bahraich,348.0,40.0,23003.0,371.0,34.0,68614.0,508936.0,454.0,53.0,118691.0,1050085.0,447.0,57.0,321216.0,10718011.0,469.0,38.0,380792.0,30997875.0
Uttar Pradesh,Ballia,507.0,34.0,59431.0,366.0,26.0,171902.0,1059785.0,235.0,17.0,279850.0,2452276.0,360.0,40.0,677606.0,24281774.0,345.0,25.0,799919.0,64766108.0
Uttar Pradesh,Balrampur,89.0,21.0,13778.0,69.0,21.0,44496.0,256618.0,94.0,19.0,79242.0,668678.0,133.0,23.0,211866.0,7946196.0,225.0,15.0,251771.0,22642986.0
Uttar Pradesh,Banda,209.0,36.0,18718.0,156.0,34.0,51294.0,340416.0,127.0,44.0,85004.0,745024.0,230.0,57.0,218345.0,6547769.0,173.0,53.0,259923.0,18142728.0
Uttar Pradesh,Bara Banki,293.0,55.0,36150.0,316.0,48.0,96470.0,672118.0,328.0,50.0,163878.0,1557825.0,188.0,43.0,411159.0,14157606.0,166.0,34.0,486273.0,39357660.0
Uttar Pradesh,Bareilly,1136.0,98.0,112369.0,1085.0,96.0,279714.0,2019928.0,1037.0,88.0,452872.0,4550886.0,1133.0,86.0,1073906.0,43117466.0,1288.0,83.0,1256323.0,99994391.0
Uttar Pradesh,Basti,248.0,42.0,38586.0,171.0,21.0,110068.0,763234.0,175.0,22.0,182992.0,1730576.0,231.0,32.0,455284.0,16435820.0,190.0,25.0,538611.0,45291843.0
Uttar Pradesh,Bijnor,626.0,92.0,52039.0,593.0,71.0,142913.0,858974.0,449.0,61.0,245713.0,1893852.0,383.0,48.0,617592.0,41109816.0,713.0,53.0,724249.0,63022311.0
Uttar Pradesh,Bulandshahr,1242.0,139.0,60527.0,988.0,102.0,171533.0,892270.0,918.0,109.0,300819.0,2569075.0,1022.0,56.0,750064.0,42256379.0,911.0,49.0,877737.0,97947746.0
Uttar Pradesh,Chitrakoot,89.0,25.0,10679.0,67.0,21.0,29453.0,179047.0,79.0,21.0,49532.0,402032.0,100.0,20.0,127573.0,4562838.0,130.0,24.0,152320.0,11779170.0
Uttar Pradesh,Deoria,247.0,31.0,61062.0,226.0,44.0,172036.0,1218508.0,240.0,47.0,285363.0,2889076.0,232.0,27.0,696661.0,26219774.0,288.0,28.0,822245.0,70396286.0
Uttar Pradesh,Etah,495.0,57.0,19926.0,484.0,49.0,62643.0,269885.0,388.0,40.0,116306.0,717360.0,276.0,31.0,303920.0,11555083.0,234.0,27.0,357881.0,32351760.0
Uttar Pradesh,Etawah,830.0,68.0,28534.0,521.0,39.0,79764.0,478194.0,380.0,39.0,139252.0,1129151.0,372.0,48.0,352935.0,14016457.0,276.0,29.0,414603.0,37659779.0
Uttar Pradesh,Fatehpur,339.0,48.0,26460.0,259.0,37.0,71857.0,454740.0,249.0,35.0,123288.0,926729.0,309.0,32.0,320663.0,9114049.0,244.0,25.0,381333.0,23844908.0
Uttar Pradesh,Firozabad,825.0,77.0,40297.0,698.0,78.0,114566.0,504178.0,631.0,70.0,221119.0,1481139.0,861.0,89.0,585301.0,20697612.0,627.0,68.0,688869.0,55754927.0
Uttar Pradesh,Gautam Buddha Nagar,3964.0,93.0,448768.0,3699.0,84.0,1143614.0,12669723.0,4131.0,97.0,1656331.0,49435289.0,2492.0,53.0,3434422.0,311053815.0,2224.0,53.0,3965080.0,661158156.0
Uttar Pradesh,Ghaziabad,3902.0,116.0,329683.0,4693.0,119.0,859583.0,6214716.0,4123.0,97.0,1296464.0,23365619.0,4048.0,107.0,2798185.0,158781297.0,4247.0,110.0,3240845.0,336151743.0
Uttar Pradesh,Ghazipur,296.0,43.0,64317.0,268.0,46.0,185130.0,1245630.0,345.0,30.0,299524.0,2723151.0,408.0,40.0,728284.0,25607590.0,332.0,27.0,859165.0,66447889.0
Uttar Pradesh,Gonda,254.0,36.0,34648.0,277.0,30.0,102076.0,716514.0,181.0,25.0,170132.0,1585049.0,268.0,30.0,429376.0,15715353.0,334.0,45.0,506569.0,43142068.0
Uttar Pradesh,Gorakhpur,1344.0,77.0,132769.0,1317.0,81.0,336196.0,2251775.0,1096.0,102.0,539316.0,5406501.0,990.0,71.0,1263672.0,53066967.0,1062.0,64.0,1482201.0,115969647.0
Uttar Pradesh,Hamirpur,130.0,36.0,16985.0,94.0,35.0,44913.0,344232.0,83.0,21.0,72081.0,622970.0,121.0,20.0,182923.0,6234146.0,180.0,33.0,218191.0,17690608.0
Uttar Pradesh,Hapur,646.0,39.0,34731.0,510.0,46.0,97238.0,581262.0,481.0,43.0,166710.0,1720578.0,463.0,33.0,402167.0,25163771.0,417.0,34.0,469396.0,53905750.0
Uttar Pradesh,Hardoi,400.0,58.0,33813.0,362.0,61.0,97562.0,571963.0,281.0,63.0,166833.0,1213286.0,225.0,41.0,451324.0,12303707.0,194.0,47.0,534801.0,33164391.0
Uttar Pradesh,Hathras,464.0,48.0,24848.0,410.0,44.0,71141.0,335879.0,346.0,40.0,127615.0,879538.0,352.0,37.0,326364.0,12623118.0,340.0,37.0,383279.0,34237659.0
Uttar Pradesh,Jalaun,293.0,36.0,32085.0,209.0,39.0,82094.0,553861.0,210.0,35.0,130530.0,1037525.0,210.0,19.0,323564.0,12702733.0,205.0,22.0,383401.0,34510662.0
Uttar Pradesh,Jaunpur,582.0,66.0,78930.0,595.0,68.0,229957.0,1571188.0,681.0,61.0,376245.0,3407879.0,449.0,48.0,920995.0,32395991.0,373.0,51.0,1086857.0,73845037.0
Uttar Pradesh,Jhansi,443.0,54.0,74623.0,373.0,46.0,178538.0,1211428.0,383.0,37.0,279897.0,3148561.0,280.0,35.0,646791.0,30653053.0,286.0,35.0,757395.0,76956501.0
Uttar Pradesh,Jyotiba Phule Nagar,338.0,46.0,27497.0,314.0,45.0,77180.0,431968.0,261.0,37.0,132719.0,1010368.0,0.0,0.0,343745.0,24100503.0,286.0,21.0,403289.0,48295192.0
Uttar Pradesh,Kannauj,211.0,32.0,19583.0,191.0,37.0,60722.0,514853.0,144.0,27.0,110383.0,869068.0,225.0,58.0,282585.0,10170027.0,169.0,46.0,335088.0,28250552.0
Uttar Pradesh,Kanpur Dehat,242.0,51.0,18293.0,181.0,38.0,55057.0,333549.0,190.0,32.0,99757.0,815536.0,224.0,33.0,265587.0,9450740.0,193.0,30.0,315586.0,25848888.0
Uttar Pradesh,Kanpur Nagar,2020.0,97.0,208389.0,1701.0,87.0,511583.0,3308373.0,1380.0,80.0,788847.0,11089415.0,0.0,0.0,1751281.0,94301046.0,0.0,0.0,2038863.0,139205785.0
Uttar Pradesh,Kasganj,246.0,40.0,15670.0,231.0,43.0,46990.0,243275.0,261.0,42.0,85463.0,561855.0,224.0,37.0,224986.0,7480959.0,226.0,27.0,264977.0,21701156.0
Uttar Pradesh,Kaushambi,245.0,32.0,12102.0,195.0,24.0,36501.0,212186.0,178.0,35.0,67498.0,492105.0,159.0,34.0,179501.0,5174564.0,172.0,45.0,213688.0,14392987.0
Uttar Pradesh,Kushinagar,274.0,45.0,60631.0,361.0,40.0,178069.0,1565053.0,306.0,31.0,294988.0,3515174.0,397.0,39.0,725714.0,30407662.0,427.0,49.0,859776.0,78636010.0
Uttar Pradesh,Lalitpur,129.0,28.0,20957.0,158.0,16.0,52158.0,445882.0,85.0,16.0,85820.0,889098.0,130.0,13.0,218301.0,10568989.0,69.0,11.0,259525.0,27343530.0
Uttar Pradesh,Lucknow,4974.0,116.0,380070.0,4209.0,114.0,896208.0,6596093.0,3183.0,108.0,1329098.0,45262941.0,2626.0,131.0,2858255.0,427689274.0,2454.0,98.0,3309599.0,321313493.0
Uttar Pradesh,Maharajganj,82.0,23.0,33481.0,62.0,22.0,116789.0,928619.0,201.0,29.0,189603.0,1919902.0,182.0,21.0,468125.0,14879728.0,149.0,27.0,553104.0,40049300.0
Uttar Pradesh,Mahoba,106.0,27.0,12930.0,81.0,24.0,33600.0,211692.0,63.0,14.0,54536.0,425468.0,101.0,8.0,144131.0,5905966.0,73.0,17.0,171978.0,16606058.0
Uttar Pradesh,Mainpuri,576.0,83.0,25568.0,371.0,72.0,74458.0,460118.0,373.0,58.0,135739.0,927810.0,334.0,40.0,351545.0,13758943.0,285.0,28.0,414239.0,38839584.0
Uttar Pradesh,Mathura,1451.0,92.0,70100.0,1455.0,93.0,196168.0,1034595.0,1352.0,84.0,352252.0,3160876.0,1822.0,84.0,882699.0,47418979.0,1471.0,77.0,1033503.0,118988856.0
Uttar Pradesh,Mau,253.0,25.0,36792.0,177.0,24.0,103587.0,698808.0,215.0,22.0,168403.0,1396961.0,287.0,25.0,413361.0,13721109.0,319.0,21.0,487619.0,39134293.0
Uttar Pradesh,Meerut,3051.0,162.0,123619.0,2773.0,139.0,311930.0,1780920.0,2681.0,123.0,509693.0,5493454.0,1889.0,97.0,1178230.0,96779034.0,1494.0,92.0,1369150.0,129912611.0
Uttar Pradesh,Mirzapur,67.0,32.0,39327.0,61.0,37.0,118790.0,755571.0,200.0,25.0,184275.0,1623873.0,226.0,26.0,441082.0,13554801.0,240.0,21.0,521361.0,34748849.0
Uttar Pradesh,Moradabad,965.0,71.0,57057.0,756.0,56.0,149856.0,919643.0,707.0,46.0,257312.0,2062728.0,706.0,36.0,647915.0,43177548.0,450.0,45.0,756605.0,80650950.0
Uttar Pradesh,Muzaffarnagar,705.0,105.0,56136.0,584.0,72.0,146672.0,869083.0,454.0,70.0,253057.0,1953211.0,428.0,54.0,623408.0,32443185.0,353.0,44.0,727767.0,79754922.0
Uttar Pradesh,Pilibhit,261.0,40.0,28407.0,221.0,38.0,76898.0,602993.0,241.0,46.0,131381.0,1110183.0,212.0,67.0,328766.0,9696430.0,213.0,35.0,389195.0,24858432.0
Uttar Pradesh,Pratapgarh,573.0,56.0,41557.0,546.0,56.0,121687.0,774725.0,457.0,73.0,208100.0,1667891.0,555.0,84.0,523982.0,18549567.0,501.0,72.0,620622.0,45615047.0
Uttar Pradesh,Prayagraj,2255.0,107.0,220198.0,2370.0,117.0,532230.0,4127906.0,2130.0,131.0,816436.0,10991559.0,1564.0,100.0,1847496.0,85524256.0,1541.0,91.0,2163437.0,174437073.0
Uttar Pradesh,Rampur,435.0,30.0,30312.0,360.0,39.0,78177.0,803575.0,203.0,33.0,133897.0,1125444.0,299.0,35.0,346791.0,14407630.0,287.0,45.0,406952.0,42270889.0
Uttar Pradesh,Saharanpur,666.0,92.0,73819.0,535.0,55.0,195185.0,1225677.0,477.0,48.0,332027.0,3286051.0,361.0,33.0,811254.0,42903382.0,327.0,34.0,943863.0,106793130.0
Uttar Pradesh,Sambhal,410.0,53.0,22039.0,347.0,57.0,60840.0,337180.0,215.0,46.0,107252.0,705994.0,327.0,55.0,288342.0,16012399.0,299.0,55.0,338406.0,37855089.0
Uttar Pradesh,Sant Ravidas Nagar,105.0,17.0,29109.0,166.0,19.0,80947.0,539140.0,149.0,21.0,131750.0,1161009.0,158.0,17.0,321988.0,9188267.0,91.0,18.0,380059.0,21163281.0
Uttar Pradesh,Shahjahanpur,219.0,50.0,39155.0,150.0,59.0,102828.0,616818.0,209.0,69.0,171075.0,1284912.0,125.0,56.0,443182.0,12201581.0,115.0,40.0,525540.0,33185299.0
Uttar Pradesh,Shamli,394.0,46.0,23247.0,261.0,33.0,60928.0,312402.0,255.0,32.0,105856.0,784443.0,308.0,24.0,265822.0,12960453.0,274.0,22.0,310348.0,38140474.0
Uttar Pradesh,Sitapur,772.0,71.0,39869.0,623.0,112.0,125826.0,2152935.0,655.0,91.0,223690.0,2090826.0,264.0,64.0,564348.0,12278408.0,227.0,81.0,671937.0,33957621.0
Uttar Pradesh,Sonbhadra,166.0,28.0,44097.0,148.0,36.0,107237.0,891063.0,152.0,43.0,163017.0,1876573.0,188.0,42.0,383025.0,17904717.0,154.0,40.0,452947.0,47328454.0
Uttar Pradesh,Sultanpur,435.0,60.0,38698.0,388.0,55.0,105768.0,758010.0,485.0,43.0,175425.0,1766784.0,615.0,52.0,426458.0,13856479.0,520.0,50.0,503749.0,37186836.0
Uttar Pradesh,Unnao,410.0,77.0,33339.0,394.0,83.0,95607.0,546698.0,368.0,57.0,163038.0,1308118.0,316.0,45.0,412637.0,11355821.0,357.0,48.0,488566.0,28918512.0
Uttar Pradesh,Varanasi,1060.0,48.0,206788.0,1106.0,47.0,524667.0,6521344.0,1664.0,50.0,777234.0,11048506.0,1079.0,45.0,1718122.0,110842371.0,810.0,42.0,2000419.0,138705336.0
Uttarakhand,Almora,3.0,4.0,11367.0,13.0,3.0,33092.0,188035.0,8.0,1.0,55964.0,451997.0,22.0,2.0,140885.0,3405452.0,18.0,4.0,166660.0,7381549.0
Uttarakhand,Bageshwar,3.0,4.0,4231.0,3.0,3.0,12260.0,60482.0,2.0,3.0,21756.0,140375.0,7.0,5.0,55410.0,1236751.0,6.0,5.0,65847.0,2725810.0
Uttarakhand,Chamoli,5.0,1.0,7493.0,13.0,3.0,23274.0,111521.0,18.0,2.0,40668.0,321525.0,10.0,1.0,101718.0,3049608.0,18.0,5.0,120266.0,6314518.0
Uttarakhand,Champawat,8.0,1.0,5442.0,3.0,5.0,15679.0,79185.0,9.0,3.0,25824.0,194534.0,16.0,4.0,64508.0,1626789.0,23.0,5.0,76540.0,3947413.0
Uttarakhand,Dehradun,422.0,21.0,147998.0,414.0,35.0,369578.0,2214366.0,377.0,23.0,593420.0,8152466.0,668.0,34.0,1318049.0,122757299.0,621.0,32.0,1521402.0,139659408.0
Uttarakhand,Haridwar,822.0,68.0,104823.0,769.0,68.0,262411.0,2014257.0,597.0,55.0,408768.0,5592275.0,945.0,39.0,928785.0,44280584.0,1205.0,56.0,1079967.0,98308015.0
Uttarakhand,Nainital,152.0,16.0,49083.0,128.0,16.0,118824.0,678384.0,149.0,25.0,186948.0,1634838.0,248.0,22.0,425816.0,17579588.0,221.0,15.0,495055.0,33933337.0
Uttarakhand,Pauri Garhwal,44.0,7.0,20425.0,35.0,6.0,56173.0,349704.0,26.0,7.0,90270.0,822986.0,54.0,14.0,213655.0,6940711.0,38.0,3.0,251419.0,14293397.0
Uttarakhand,Pithoragarh,9.0,2.0,8836.0,10.0,5.0,26621.0,142204.0,13.0,9.0,46554.0,354675.0,20.0,4.0,117070.0,3003711.0,31.0,9.0,138218.0,6573304.0
Uttarakhand,Tehri Garhwal,18.0,3.0,13030.0,21.0,3.0,37689.0,194692.0,31.0,6.0,66293.0,533806.0,21.0,3.0,164792.0,5232766.0,26.0,3.0,194028.0,12286069.0
West Bengal,Alipurduar,333.0,46.0,22238.0,258.0,47.0,64136.0,567429.0,258.0,47.0,108508.0,998880.0,159.0,49.0,272997.0,12591700.0,222.0,32.0,321436.0,26540449.0
West Bengal,Bankura,127.0,59.0,110008.0,150.0,74.0,288329.0,7980077.0,150.0,74.0,456100.0,11165930.0,137.0,43.0,957561.0,25384931.0,105.0,37.0,1129802.0,52238842.0
West Bengal,Birbhum,310.0,103.0,94598.0,319.0,100.0,265201.0,15606755.0,319.0,100.0,415614.0,12499689.0,195.0,90.0,896009.0,25872029.0,223.0,79.0,1056537.0,65696157.0
West Bengal,Dakshin Dinajpur,96.0,22.0,36948.0,90.0,42.0,115269.0,2069038.0,90.0,42.0,185263.0,2369163.0,117.0,40.0,429466.0,8555136.0,119.0,43.0,511007.0,22684474.0
West Bengal,Darjiling,153.0,17.0,54922.0,164.0,18.0,155658.0,902096.0,164.0,18.0,265776.0,5273469.0,143.0,27.0,645962.0,33719219.0,167.0,26.0,752016.0,58381389.0
West Bengal,East Bardhaman,0.0,0.0,119528.0,0.0,0.0,340321.0,6247113.0,0.0,0.0,535655.0,21983040.0,227.0,69.0,1171416.0,58658097.0,216.0,76.0,1377496.0,82887560.0
West Bengal,Haora,1289.0,102.0,136589.0,1192.0,90.0,410583.0,3644687.0,1192.0,90.0,654600.0,8655694.0,512.0,80.0,1488195.0,77839824.0,608.0,63.0,1737851.0,118794524.0
West Bengal,Hugli,569.0,70.0,148033.0,390.0,64.0,480952.0,5737808.0,390.0,64.0,755631.0,13099483.0,272.0,40.0,1651210.0,49637590.0,309.0,37.0,1930844.0,120524370.0
West Bengal,Jalpaiguri,247.0,55.0,31035.0,181.0,38.0,92118.0,888020.0,181.0,38.0,156901.0,1647284.0,255.0,37.0,392646.0,15198524.0,239.0,42.0,462801.0,37356400.0
West Bengal,Koch Bihar,336.0,58.0,41690.0,248.0,58.0,131010.0,1384661.0,248.0,58.0,221552.0,2254455.0,214.0,42.0,564029.0,20332150.0,215.0,78.0,666807.0,57456537.0
West Bengal,Kolkata,3493.0,64.0,306503.0,2608.0,55.0,868126.0,14679383.0,2608.0,55.0,1336585.0,61291479.0,1197.0,34.0,2838411.0,442825414.0,958.0,43.0,3279239.0,295949588.0
West Bengal,Malda,560.0,59.0,0.0,438.0,29.0,0.0,0.0,438.0,29.0,0.0,0.0,414.0,97.0,0.0,0.0,442.0,71.0,0.0,0.0
West Bengal,Murshidabad,601.0,167.0,187824.0,398.0,173.0,478812.0,9021522.0,398.0,173.0,830132.0,14965007.0,297.0,149.0,1868610.0,67334608.0,367.0,158.0,2188015.0,156939062.0
West Bengal,Nadia,611.0,132.0,136396.0,636.0,105.0,385179.0,6616361.0,636.0,105.0,633794.0,9990645.0,294.0,110.0,1423179.0,45904252.0,449.0,118.0,1671140.0,114751056.0
West Bengal,Paschim Medinipur,792.0,107.0,127203.0,724.0,106.0,361979.0,5361363.0,724.0,106.0,572195.0,10060782.0,743.0,110.0,1274166.0,44317660.0,514.0,96.0,1498903.0,115059415.0
West Bengal,Purulia,131.0,71.0,73427.0,93.0,74.0,190392.0,4192828.0,93.0,74.0,295685.0,5536498.0,102.0,51.0,652528.0,17893536.0,104.0,44.0,774183.0,49129601.0
West Bengal,West Bardhaman,520.0,69.0,139310.0,373.0,63.0,349928.0,5069742.0,373.0,63.0,538224.0,11972354.0,316.0,53.0,1165703.0,54127907.0,337.0,54.0,1359767.0,114311945.0
West Bengal,West Medinipur,49.0,31.0,18243.0,53.0,23.0,53153.0,1002427.0,53.0,23.0,83390.0,1439259.0,68.0,27.0,184460.0,5429494.0,55.0,22.0,217964.0,13953450.0
