State,District,Theft_2017,Murder_2017,Cruelty_2017,Theft_2018,Murder_2018,Cruelty_2018,Theft_2019,Murder_2019,Cruelty_2019,Theft_2022,Murder_2022,Cruelty_2022,Theft_2023,Murder_2023,Cruelty_2023
A&N Islands,Nicobar,2.0,0.0,0.0,2.0,2.0,0.0,1.0,1.0,0.0,0.0,1.0,0.0,0.0,0.0,0.0
A&N Islands,North & Middle Andaman,8.0,3.0,3.0,14.0,2.0,3.0,3.0,2.0,0.0,9.0,2.0,0.0,5.0,1.0,0.0
A&N Islands,South Andaman,38.0,6.0,1.0,53.0,7.0,1.0,28.0,10.0,1.0,15.0,4.0,5.0,60.0,7.0,6.0
Andhra Pradesh,Alluri Sitharama Raju,,,,,,,,,,46.0,29.0,58.0,33.0,29.0,46.0
Andhra Pradesh,Anakapalli,,,,,,,,,,264.0,16.0,276.0,291.0,24.0,239.0
Andhra Pradesh,Anantapur,455.0,113.0,471.0,370.0,114.0,241.0,422.0,105.0,394.0,,,,,,
Andhra Pradesh,Anantapuramu,,,,,,,,,,405.0,51.0,343.0,357.0,44.0,363.0
Andhra Pradesh,Annamayya,,,,,,,,,,275.0,37.0,362.0,210.0,45.0,235.0
Andhra Pradesh,Bapatla,,,,,,,,,,391.0,42.0,447.0,366.0,74.0,494.0
Andhra Pradesh,Chittoor,411.0,70.0,212.0,368.0,60.0,205.0,401.0,68.0,274.0,374.0,30.0,357.0,428.0,47.0,382.0
Andhra Pradesh,Cuddapah,520.0,88.0,481.0,427.0,65.0,274.0,338.0,57.0,337.0,,,,,,
Andhra Pradesh,Dr BR Ambedkar Konaseema,,,,,,,,,,416.0,17.0,386.0,362.0,24.0,344.0
Andhra Pradesh,East Godavari,960.0,69.0,601.0,763.0,62.0,471.0,794.0,56.0,476.0,699.0,25.0,672.0,682.0,24.0,569.0
Andhra Pradesh,Eluru,,,,,,,,,,659.0,32.0,653.0,524.0,37.0,590.0
Andhra Pradesh,Guntakal Railway,667.0,11.0,1.0,648.0,3.0,1.0,692.0,2.0,1.0,581.0,1.0,1.0,546.0,2.0,0.0
Andhra Pradesh,Guntur,659.0,100.0,558.0,522.0,82.0,748.0,686.0,68.0,869.0,1117.0,37.0,1054.0,1098.0,50.0,901.0
Andhra Pradesh,Guntur Urban,794.0,32.0,335.0,680.0,30.0,567.0,641.0,32.0,524.0,,,,,,
Andhra Pradesh,Kakinada,,,,,,,,,,665.0,34.0,416.0,566.0,23.0,329.0
Andhra Pradesh,Krishna,437.0,35.0,620.0,390.0,41.0,702.0,427.0,50.0,791.0,457.0,29.0,766.0,543.0,33.0,596.0
Andhra Pradesh,Kurnool,489.0,93.0,313.0,386.0,88.0,178.0,398.0,74.0,199.0,308.0,41.0,347.0,244.0,38.0,356.0
Andhra Pradesh,NTR,,,,,,,,,,1270.0,48.0,1204.0,895.0,35.0,1164.0
Andhra Pradesh,Nandyal,,,,,,,,,,294.0,44.0,151.0,211.0,33.0,394.0
Andhra Pradesh,Nellore,833.0,67.0,469.0,760.0,72.0,418.0,607.0,58.0,447.0,,,,,,
Andhra Pradesh,Palnadu,,,,,,,,,,428.0,40.0,398.0,270.0,44.0,155.0
Andhra Pradesh,Parvathipuram Manyam,,,,,,,,,,57.0,6.0,98.0,78.0,5.0,102.0
Andhra Pradesh,Prakasam,,,,,,,,,,538.0,49.0,539.0,388.0,48.0,552.0
Andhra Pradesh,Prakasham,518.0,91.0,598.0,540.0,81.0,542.0,549.0,48.0,627.0,,,,,,
Andhra Pradesh,Rajahmundry,481.0,14.0,163.0,408.0,23.0,220.0,648.0,17.0,238.0,,,,,,
Andhra Pradesh,Sri Potti Sriramulu Nellore,,,,,,,,,,662.0,54.0,582.0,488.0,53.0,507.0
Andhra Pradesh,Sri Sathya Sai,,,,,,,,,,305.0,51.0,260.0,237.0,30.0,260.0
Andhra Pradesh,Srikakulam,102.0,30.0,224.0,116.0,16.0,166.0,152.0,22.0,212.0,154.0,23.0,362.0,152.0,26.0,353.0
Andhra Pradesh,Tirupathi Urban,587.0,38.0,86.0,433.0,23.0,83.0,508.0,26.0,89.0,,,,,,
Andhra Pradesh,Tirupati,,,,,,,,,,762.0,60.0,394.0,775.0,38.0,381.0
Andhra Pradesh,Viiayawada Railway,,,,,,,,,,785.0,5.0,0.0,1155.0,2.0,0.0
Andhra Pradesh,Vijayawada City,1729.0,34.0,460.0,1320.0,17.0,537.0,1082.0,26.0,594.0,,,,,,
Andhra Pradesh,Vijayawada Railway,1125.0,8.0,1.0,835.0,3.0,1.0,916.0,1.0,0.0,,,,,,
Andhra Pradesh,Visakha Rural,130.0,39.0,116.0,129.0,39.0,106.0,239.0,52.0,141.0,,,,,,
Andhra Pradesh,Visakhapatnam,1345.0,40.0,449.0,1029.0,35.0,634.0,658.0,20.0,585.0,660.0,38.0,714.0,504.0,24.0,496.0
Andhra Pradesh,Vizianagaram,191.0,28.0,221.0,175.0,29.0,186.0,229.0,25.0,274.0,300.0,22.0,319.0,360.0,21.0,282.0
Andhra Pradesh,West Godavari,870.0,54.0,777.0,767.0,52.0,551.0,914.0,63.0,779.0,556.0,14.0,459.0,478.0,17.0,107.0
Andhra Pradesh,YSR,,,,,,,,,,239.0,50.0,346.0,202.0,52.0,397.0
Arunachal Pradesh,Anjaw,5.0,1.0,0.0,7.0,1.0,1.0,4.0,0.0,0.0,7.0,1.0,0.0,9.0,0.0,0.0
Arunachal Pradesh,Changlang,26.0,8.0,1.0,13.0,4.0,0.0,18.0,2.0,3.0,28.0,8.0,0.0,23.0,1.0,1.0
Arunachal Pradesh,Crime Branch,0.0,1.0,0.0,0.0,0.0,0.0,1.0,0.0,0.0,0.0,0.0,0.0,0.0,0.0,0.0
Arunachal Pradesh,Dibang Valley,1.0,1.0,0.0,0.0,0.0,0.0,0.0,0.0,0.0,2.0,0.0,0.0,1.0,1.0,0.0
Arunachal Pradesh,Kameng East,20.0,4.0,1.0,25.0,7.0,2.0,7.0,7.0,3.0,15.0,4.0,5.0,83.0,1.0,4.0
Arunachal Pradesh,Kameng West,16.0,5.0,1.0,25.0,2.0,2.0,23.0,3.0,1.0,28.0,1.0,0.0,25.0,4.0,1.0
Arunachal Pradesh,Kamle,3.0,0.0,0.0,2.0,2.0,0.0,2.0,1.0,0.0,4.0,1.0,0.0,3.0,3.0,0.0
Arunachal Pradesh,Kra Dadi,,,,,,,0.0,0.0,0.0,2.0,1.0,0.0,7.0,0.0,0.0
Arunachal Pradesh,Kurung Kumey,7.0,7.0,1.0,1.0,2.0,2.0,2.0,2.0,0.0,7.0,2.0,0.0,5.0,1.0,0.0
Arunachal Pradesh,Leparada,,,,1.0,0.0,1.0,3.0,1.0,0.0,8.0,0.0,0.0,15.0,1.0,0.0
Arunachal Pradesh,Lohit,29.0,1.0,3.0,26.0,7.0,3.0,11.0,3.0,3.0,13.0,2.0,1.0,15.0,1.0,1.0
Arunachal Pradesh,Longding,17.0,3.0,0.0,6.0,4.0,0.0,5.0,2.0,3.0,4.0,2.0,0.0,9.0,0.0,0.0
Arunachal Pradesh,Lower Dibang Valley,9.0,2.0,0.0,7.0,2.0,0.0,14.0,4.0,0.0,19.0,0.0,0.0,15.0,2.0,0.0
Arunachal Pradesh,Lower Siang,7.0,1.0,0.0,8.0,0.0,1.0,7.0,2.0,2.0,6.0,2.0,2.0,8.0,1.0,0.0
Arunachal Pradesh,Namsai,29.0,7.0,0.0,19.0,9.0,6.0,14.0,8.0,0.0,35.0,9.0,0.0,22.0,10.0,0.0
Arunachal Pradesh,Pakkessang,,,,,,,1.0,0.0,0.0,6.0,0.0,0.0,5.0,2.0,0.0
Arunachal Pradesh,Papum Pare City,248.0,11.0,30.0,301.0,6.0,38.0,231.0,7.0,23.0,375.0,2.0,57.0,412.0,6.0,38.0
Arunachal Pradesh,Papum Pare Rural,18.0,5.0,0.0,24.0,3.0,0.0,41.0,3.0,0.0,25.0,8.0,0.0,50.0,2.0,0.0
Arunachal Pradesh,Shiyomi,,,,,,,0.0,1.0,0.0,2.0,0.0,0.0,1.0,1.0,1.0
Arunachal Pradesh,Siang,11.0,0.0,0.0,4.0,1.0,0.0,5.0,0.0,0.0,13.0,1.0,0.0,7.0,1.0,0.0
Arunachal Pradesh,Siang East,75.0,5.0,11.0,84.0,3.0,1.0,57.0,1.0,5.0,55.0,4.0,0.0,54.0,6.0,3.0
Arunachal Pradesh,Siang Upper,7.0,1.0,0.0,8.0,1.0,0.0,6.0,1.0,0.0,12.0,1.0,1.0,13.0,1.0,1.0
Arunachal Pradesh,Siang West,8.0,2.0,1.0,11.0,2.0,1.0,13.0,1.0,5.0,18.0,2.0,3.0,14.0,2.0,6.0
Arunachal Pradesh,Subansiri Lower,13.0,6.0,2.0,21.0,2.0,1.0,8.0,2.0,0.0,4.0,1.0,2.0,17.0,3.0,0.0
Arunachal Pradesh,Subansiri Upper,10.0,4.0,5.0,16.0,3.0,0.0,6.0,4.0,5.0,6.0,3.0,3.0,25.0,1.0,2.0
Arunachal Pradesh,Tawang,8.0,1.0,0.0,9.0,0.0,0.0,8.0,1.0,0.0,1.0,0.0,0.0,1.0,2.0,0.0
Arunachal Pradesh,Tirap,14.0,3.0,0.0,5.0,1.0,1.0,2.0,4.0,1.0,6.0,1.0,0.0,3.0,4.0,0.0
Assam,BIEO,0.0,0.0,0.0,0.0,0.0,0.0,0.0,0.0,0.0,0.0,0.0,0.0,0.0,0.0,0.0
Assam,Bajali,,,,,,,,,,47.0,3.0,29.0,64.0,11.0,19.0
Assam,Baksa,121.0,30.0,92.0,153.0,27.0,99.0,171.0,35.0,152.0,48.0,15.0,28.0,74.0,12.0,10.0
Assam,Barpeta,639.0,50.0,792.0,609.0,57.0,0.0,742.0,47.0,0.0,228.0,31.0,231.0,192.0,32.0,79.0
Assam,Biswanath,149.0,38.0,111.0,131.0,39.0,157.0,151.0,44.0,177.0,72.0,35.0,36.0,81.0,48.0,21.0
Assam,Bongaigaon,386.0,16.0,338.0,433.0,32.0,265.0,329.0,18.0,319.0,270.0,21.0,76.0,306.0,19.0,41.0
Assam,CID,2.0,0.0,0.0,1.0,0.0,0.0,0.0,0.0,0.0,0.0,0.0,0.0,0.0,0.0,0.0
Assam,Cachar,733.0,53.0,457.0,1023.0,57.0,620.0,1096.0,67.0,664.0,947.0,60.0,453.0,782.0,44.0,366.0
Assam,Charaideo,80.0,32.0,81.0,51.0,27.0,72.0,88.0,30.0,78.0,74.0,33.0,29.0,57.0,25.0,8.0
Assam,Chirang,144.0,13.0,74.0,123.0,23.0,89.0,88.0,23.0,115.0,105.0,14.0,39.0,43.0,13.0,19.0
Assam,Darrang,319.0,34.0,552.0,203.0,26.0,493.0,215.0,23.0,664.0,167.0,31.0,229.0,120.0,31.0,95.0
Assam,Dhemaji,147.0,14.0,149.0,166.0,21.0,152.0,177.0,26.0,139.0,111.0,17.0,42.0,94.0,20.0,35.0
Assam,Dhubri,689.0,46.0,1054.0,646.0,23.0,1090.0,907.0,43.0,1230.0,286.0,35.0,290.0,248.0,30.0,87.0
Assam,Dibrugarh,477.0,54.0,299.0,556.0,74.0,386.0,710.0,67.0,396.0,451.0,56.0,117.0,352.0,54.0,105.0
Assam,Dima Hasao,0.0,11.0,8.0,46.0,10.0,6.0,46.0,8.0,10.0,23.0,5.0,8.0,19.0,12.0,3.0
Assam,GRP,411.0,9.0,0.0,491.0,17.0,0.0,360.0,10.0,0.0,267.0,15.0,0.0,478.0,12.0,0.0
Assam,Goalpara,265.0,22.0,123.0,379.0,40.0,390.0,348.0,34.0,394.0,260.0,23.0,198.0,133.0,26.0,102.0
Assam,Golaghat,394.0,45.0,310.0,599.0,57.0,389.0,388.0,49.0,406.0,113.0,23.0,37.0,141.0,37.0,26.0
Assam,Guwahati City,3742.0,80.0,688.0,4234.0,96.0,774.0,4328.0,71.0,878.0,2832.0,74.0,319.0,2745.0,67.0,256.0
Assam,Hailakandi,132.0,19.0,273.0,142.0,20.0,336.0,227.0,18.0,436.0,148.0,13.0,92.0,196.0,13.0,92.0
Assam,Hamren,23.0,6.0,15.0,20.0,6.0,10.0,45.0,4.0,6.0,38.0,7.0,3.0,47.0,2.0,3.0
Assam,Hojai,207.0,28.0,268.0,232.0,21.0,437.0,181.0,39.0,570.0,189.0,27.0,224.0,193.0,31.0,73.0
Assam,Jorhat,666.0,43.0,388.0,577.0,40.0,464.0,587.0,56.0,618.0,404.0,37.0,103.0,149.0,34.0,61.0
Assam,Kamrup,528.0,44.0,350.0,811.0,65.0,491.0,822.0,40.0,553.0,573.0,50.0,405.0,900.0,57.0,299.0
Assam,Karbi Anglong,128.0,28.0,69.0,214.0,20.0,118.0,170.0,29.0,66.0,119.0,25.0,8.0,104.0,19.0,9.0
Assam,Karimganj,259.0,32.0,259.0,274.0,45.0,270.0,378.0,38.0,298.0,208.0,32.0,240.0,151.0,35.0,288.0
Assam,Kokrajhar,310.0,32.0,168.0,263.0,31.0,164.0,273.0,27.0,179.0,214.0,37.0,99.0,130.0,29.0,41.0
Assam,Lakhimpur,265.0,41.0,438.0,183.0,28.0,410.0,340.0,47.0,558.0,205.0,35.0,147.0,129.0,32.0,120.0
Assam,Majuli,16.0,0.0,33.0,14.0,4.0,14.0,15.0,7.0,38.0,18.0,4.0,24.0,17.0,2.0,14.0
Assam,Morigaon,257.0,42.0,355.0,389.0,35.0,510.0,353.0,37.0,549.0,273.0,30.0,174.0,222.0,25.0,106.0
Assam,Nagaon,718.0,68.0,963.0,728.0,78.0,1115.0,744.0,70.0,972.0,569.0,58.0,292.0,525.0,49.0,150.0
Assam,Nalbari,274.0,14.0,184.0,263.0,24.0,247.0,260.0,16.0,268.0,254.0,19.0,127.0,249.0,20.0,109.0
Assam,RPO,13.0,6.0,15.0,18.0,0.0,9.0,13.0,5.0,10.0,0.0,0.0,0.0,0.0,0.0,0.0
Assam,SOU,0.0,0.0,0.0,0.0,0.0,0.0,0.0,0.0,0.0,0.0,0.0,0.0,0.0,0.0,0.0
Assam,STF,0.0,0.0,0.0,4.0,0.0,0.0,5.0,0.0,0.0,1.0,0.0,0.0,1.0,0.0,0.0
Assam,Sadia,18.0,5.0,0.0,35.0,10.0,13.0,55.0,6.0,18.0,28.0,2.0,12.0,34.0,4.0,2.0
Assam,Sibsagar,331.0,37.0,233.0,366.0,37.0,349.0,463.0,38.0,345.0,223.0,28.0,86.0,73.0,21.0,5.0
Assam,Sonitpur,419.0,54.0,383.0,501.0,46.0,406.0,399.0,56.0,462.0,261.0,62.0,178.0,232.0,47.0,131.0
Assam,South Salmara,94.0,19.0,0.0,93.0,15.0,485.0,70.0,12.0,0.0,78.0,16.0,99.0,80.0,19.0,50.0
Assam,Tamulpur,,,,,,,,,,46.0,15.0,19.0,36.0,8.0,7.0
Assam,Tinsukia,745.0,56.0,220.0,672.0,57.0,249.0,709.0,60.0,292.0,666.0,59.0,153.0,278.0,60.0,68.0
Assam,Udalguri,197.0,23.0,40.0,157.0,33.0,57.0,225.0,35.0,83.0,107.0,25.0,58.0,85.0,25.0,23.0
Bihar,Anti Terrorist Squad,0.0,0.0,0.0,0.0,0.0,0.0,0.0,0.0,0.0,0.0,0.0,0.0,0.0,0.0,0.0
Bihar,Araria,342.0,47.0,63.0,401.0,61.0,34.0,530.0,62.0,60.0,752.0,82.0,48.0,825.0,74.0,58.0
Bihar,Arwal,131.0,11.0,28.0,163.0,9.0,6.0,218.0,18.0,9.0,169.0,16.0,12.0,178.0,18.0,23.0
Bihar,Aurangabad,208.0,40.0,39.0,284.0,49.0,40.0,412.0,59.0,32.0,829.0,79.0,39.0,823.0,67.0,36.0
Bihar,Bagaha,121.0,27.0,30.0,79.0,22.0,21.0,103.0,38.0,27.0,169.0,38.0,25.0,155.0,41.0,30.0
Bihar,Banka,212.0,64.0,32.0,255.0,75.0,41.0,355.0,59.0,32.0,317.0,53.0,18.0,423.0,52.0,26.0
Bihar,Begusarai,567.0,88.0,46.0,601.0,118.0,38.0,643.0,100.0,20.0,653.0,110.0,27.0,812.0,87.0,15.0
Bihar,Bettiah,596.0,72.0,222.0,789.0,48.0,82.0,834.0,77.0,56.0,989.0,37.0,65.0,955.0,61.0,45.0
Bihar,Bhabhua,337.0,38.0,72.0,420.0,63.0,29.0,432.0,40.0,25.0,,,,,,
Bihar,Bhagalpur,987.0,75.0,114.0,890.0,65.0,82.0,993.0,71.0,99.0,1406.0,96.0,39.0,1287.0,62.0,61.0
Bihar,Bhojpur,647.0,87.0,180.0,818.0,111.0,40.0,868.0,90.0,51.0,1322.0,100.0,59.0,1286.0,98.0,39.0
Bihar,Buxar,486.0,44.0,41.0,557.0,59.0,42.0,542.0,50.0,42.0,536.0,37.0,31.0,594.0,47.0,41.0
Bihar,Darbhanga,553.0,36.0,195.0,568.0,64.0,55.0,734.0,71.0,39.0,1074.0,64.0,26.0,985.0,60.0,40.0
Bihar,Economic Offences Unit,0.0,0.0,0.0,0.0,0.0,0.0,0.0,0.0,0.0,0.0,0.0,0.0,0.0,0.0,0.0
Bihar,Gaya,1423.0,167.0,99.0,1440.0,148.0,123.0,1544.0,150.0,106.0,2148.0,144.0,102.0,2109.0,102.0,147.0
Bihar,Gopalganj,354.0,69.0,54.0,436.0,83.0,53.0,611.0,70.0,55.0,878.0,61.0,38.0,878.0,39.0,40.0
Bihar,Jamalpur Railway,307.0,4.0,0.0,310.0,5.0,0.0,320.0,6.0,0.0,189.0,1.0,0.0,507.0,4.0,0.0
Bihar,Jamui,116.0,49.0,75.0,161.0,53.0,37.0,240.0,68.0,26.0,307.0,41.0,17.0,325.0,46.0,42.0
Bihar,Jehanabad,255.0,40.0,31.0,353.0,47.0,19.0,362.0,46.0,19.0,406.0,29.0,20.0,523.0,27.0,35.0
Bihar,Kaimur(Bhabhua),,,,,,,,,,396.0,22.0,14.0,552.0,38.0,26.0
Bihar,Katihar,369.0,86.0,106.0,430.0,90.0,113.0,389.0,83.0,71.0,576.0,65.0,51.0,690.0,63.0,42.0
Bihar,Katihar Railway,368.0,4.0,0.0,301.0,4.0,0.0,233.0,6.0,0.0,266.0,2.0,0.0,270.0,5.0,0.0
Bihar,Khagaria,231.0,56.0,78.0,190.0,37.0,31.0,300.0,54.0,31.0,377.0,63.0,22.0,488.0,57.0,31.0
Bihar,Kishanganj,320.0,39.0,33.0,390.0,32.0,34.0,290.0,34.0,20.0,289.0,44.0,17.0,310.0,28.0,26.0
Bihar,Lakhisarai,84.0,51.0,41.0,144.0,37.0,44.0,212.0,43.0,23.0,186.0,39.0,22.0,253.0,31.0,32.0
Bihar,Madhepura,315.0,64.0,96.0,314.0,76.0,66.0,363.0,98.0,28.0,741.0,73.0,23.0,774.0,86.0,27.0
Bihar,Madhubani,466.0,60.0,199.0,427.0,76.0,80.0,643.0,56.0,75.0,837.0,68.0,33.0,940.0,82.0,37.0
Bihar,Motihari,1024.0,94.0,170.0,1231.0,91.0,107.0,1455.0,110.0,112.0,2099.0,146.0,122.0,2258.0,155.0,98.0
Bihar,Munger,165.0,56.0,78.0,206.0,45.0,94.0,206.0,38.0,91.0,261.0,56.0,21.0,312.0,43.0,35.0
Bihar,Muzaffarpur,2429.0,140.0,121.0,2619.0,139.0,236.0,2569.0,153.0,192.0,2387.0,136.0,106.0,2585.0,134.0,85.0
Bihar,Muzaffarpur Railway,302.0,11.0,1.0,430.0,3.0,0.0,383.0,9.0,0.0,465.0,4.0,0.0,722.0,6.0,0.0
Bihar,Nalanda,847.0,95.0,107.0,798.0,85.0,58.0,905.0,113.0,84.0,1218.0,75.0,89.0,1476.0,99.0,72.0
Bihar,Naugachia,115.0,32.0,23.0,117.0,26.0,17.0,187.0,20.0,8.0,243.0,43.0,8.0,212.0,28.0,19.0
Bihar,Nawadah,374.0,56.0,54.0,523.0,53.0,47.0,587.0,64.0,41.0,694.0,66.0,25.0,752.0,54.0,35.0
Bihar,Patna,4926.0,266.0,447.0,5931.0,277.0,220.0,6896.0,318.0,295.0,8341.0,307.0,228.0,9843.0,290.0,292.0
Bihar,Patna Railway,519.0,2.0,0.0,704.0,19.0,0.0,1144.0,19.0,0.0,889.0,4.0,0.0,1741.0,9.0,0.0
Bihar,Purnea,500.0,91.0,41.0,442.0,80.0,23.0,636.0,113.0,44.0,1343.0,80.0,45.0,1497.0,75.0,47.0
Bihar,Rohtas,1108.0,100.0,108.0,1149.0,96.0,93.0,1189.0,86.0,68.0,1069.0,62.0,41.0,1394.0,105.0,59.0
Bihar,Saharsa,363.0,44.0,75.0,358.0,42.0,56.0,477.0,40.0,31.0,519.0,37.0,19.0,497.0,46.0,23.0
Bihar,Samastipur,527.0,65.0,51.0,636.0,83.0,49.0,721.0,89.0,58.0,1067.0,101.0,48.0,916.0,85.0,60.0
Bihar,Saran,1214.0,119.0,78.0,1318.0,103.0,125.0,1414.0,95.0,121.0,1899.0,108.0,96.0,1833.0,114.0,91.0
Bihar,Sheikhpura,105.0,16.0,19.0,160.0,17.0,16.0,137.0,21.0,14.0,234.0,14.0,19.0,216.0,26.0,3.0
Bihar,Sheohar,49.0,12.0,19.0,73.0,14.0,15.0,70.0,11.0,7.0,83.0,12.0,14.0,69.0,9.0,5.0
Bihar,Sitamarhi,575.0,68.0,183.0,855.0,77.0,110.0,855.0,73.0,154.0,864.0,62.0,112.0,1180.0,70.0,81.0
Bihar,Siwan,714.0,71.0,148.0,905.0,81.0,42.0,969.0,111.0,41.0,1324.0,94.0,34.0,1388.0,65.0,34.0
Bihar,Supaul,313.0,47.0,65.0,314.0,52.0,51.0,347.0,53.0,37.0,530.0,42.0,15.0,484.0,60.0,27.0
Bihar,Vaishali,1243.0,100.0,114.0,1426.0,119.0,70.0,1653.0,153.0,53.0,1434.0,117.0,60.0,1420.0,114.0,67.0
Chandigarh,Chandigarh,1460.0,25.0,121.0,1298.0,20.0,93.0,908.0,26.0,177.0,1276.0,18.0,83.0,1412.0,17.0,76.0
Chhattisgarh,Balod,135.0,16.0,6.0,103.0,15.0,5.0,150.0,20.0,14.0,111.0,16.0,19.0,84.0,13.0,4.0
Chhattisgarh,Balodbazar,193.0,32.0,20.0,287.0,20.0,38.0,357.0,30.0,46.0,392.0,28.0,27.0,322.0,18.0,8.0
Chhattisgarh,Balrampur,45.0,41.0,11.0,35.0,50.0,6.0,71.0,37.0,12.0,114.0,56.0,23.0,89.0,49.0,14.0
Chhattisgarh,Bemetra,102.0,13.0,15.0,81.0,14.0,17.0,102.0,17.0,12.0,100.0,31.0,15.0,94.0,11.0,10.0
Chhattisgarh,Bilaspur,1026.0,58.0,69.0,819.0,57.0,67.0,793.0,48.0,89.0,1138.0,54.0,82.0,856.0,32.0,91.0
Chhattisgarh,Bizapur,5.0,24.0,0.0,10.0,32.0,0.0,7.0,33.0,1.0,24.0,36.0,4.0,13.0,34.0,1.0
Chhattisgarh,Dantewara,23.0,31.0,4.0,19.0,33.0,1.0,32.0,24.0,4.0,63.0,43.0,1.0,43.0,25.0,1.0
Chhattisgarh,Dhamtari,82.0,25.0,8.0,59.0,13.0,5.0,96.0,22.0,13.0,218.0,27.0,11.0,166.0,27.0,3.0
Chhattisgarh,Durg,728.0,38.0,63.0,646.0,44.0,49.0,781.0,35.0,115.0,924.0,39.0,134.0,754.0,47.0,115.0
Chhattisgarh,GRP Raipur,800.0,2.0,1.0,721.0,3.0,0.0,680.0,1.0,1.0,313.0,0.0,0.0,368.0,0.0,0.0
Chhattisgarh,Gariyaband,66.0,13.0,5.0,54.0,26.0,0.0,49.0,9.0,6.0,87.0,19.0,9.0,84.0,21.0,33.0
Chhattisgarh,Gaurela-Pendra-Marwari,,,,,,,,,,72.0,13.0,10.0,64.0,12.0,13.0
Chhattisgarh,Jagdalpur,56.0,36.0,9.0,53.0,26.0,7.0,117.0,33.0,4.0,133.0,27.0,6.0,93.0,25.0,9.0
Chhattisgarh,Janjgir,241.0,41.0,56.0,342.0,41.0,57.0,291.0,44.0,48.0,364.0,27.0,58.0,285.0,30.0,80.0
Chhattisgarh,Jashpur,70.0,50.0,5.0,83.0,47.0,4.0,103.0,64.0,4.0,200.0,64.0,12.0,168.0,71.0,6.0
Chhattisgarh,Kabirdham,50.0,19.0,14.0,74.0,20.0,20.0,56.0,29.0,17.0,142.0,22.0,36.0,107.0,21.0,17.0
Chhattisgarh,Kanker,166.0,29.0,8.0,108.0,29.0,8.0,149.0,45.0,5.0,64.0,27.0,5.0,64.0,40.0,9.0
Chhattisgarh,Khairagarh - Chhuikhadan-Gandai,,,,,,,,,,76.0,4.0,7.0,81.0,10.0,16.0
Chhattisgarh,Kondagaon,30.0,23.0,5.0,7.0,29.0,1.0,27.0,11.0,6.0,54.0,18.0,9.0,42.0,9.0,4.0
Chhattisgarh,Korba,220.0,38.0,46.0,297.0,41.0,22.0,268.0,46.0,35.0,365.0,45.0,46.0,363.0,36.0,24.0
Chhattisgarh,Koriya,119.0,36.0,28.0,74.0,30.0,20.0,88.0,34.0,28.0,73.0,13.0,15.0,55.0,22.0,12.0
Chhattisgarh,Mahasamund,165.0,23.0,12.0,157.0,20.0,6.0,132.0,12.0,16.0,162.0,22.0,1.0,101.0,18.0,4.0
Chhattisgarh,Manendragarh-Chirmiri-Bharatpur,,,,,,,,,,85.0,12.0,14.0,77.0,17.0,10.0
Chhattisgarh,Mohla-Manpur-Ambagarh Chouki,,,,,,,,,,29.0,12.0,3.0,22.0,7.0,2.0
Chhattisgarh,Mungali,98.0,21.0,26.0,123.0,11.0,13.0,151.0,16.0,18.0,76.0,19.0,18.0,39.0,9.0,10.0
Chhattisgarh,Narayanpur,9.0,18.0,1.0,10.0,18.0,1.0,10.0,13.0,0.0,12.0,9.0,2.0,14.0,22.0,1.0
Chhattisgarh,Raigarh,215.0,54.0,26.0,398.0,68.0,28.0,370.0,67.0,36.0,528.0,68.0,23.0,496.0,65.0,10.0
Chhattisgarh,Raipur,1446.0,67.0,82.0,1492.0,59.0,83.0,1548.0,76.0,93.0,1966.0,75.0,180.0,1588.0,63.0,136.0
Chhattisgarh,Rajnandgaon,283.0,41.0,27.0,360.0,40.0,27.0,368.0,20.0,35.0,276.0,32.0,21.0,215.0,21.0,23.0
Chhattisgarh,Sakti,,,,,,,,,,178.0,21.0,38.0,96.0,20.0,21.0
Chhattisgarh,Sarangarh-Bilaigarh,,,,,,,,,,112.0,19.0,29.0,110.0,25.0,8.0
Chhattisgarh,Sarguja,246.0,60.0,12.0,171.0,46.0,9.0,221.0,44.0,42.0,413.0,48.0,44.0,349.0,58.0,44.0
Chhattisgarh,Sukma,6.0,34.0,1.0,12.0,42.0,2.0,8.0,36.0,3.0,16.0,19.0,2.0,12.0,21.0,0.0
Chhattisgarh,Surajpur,102.0,36.0,22.0,84.0,43.0,7.0,85.0,47.0,29.0,158.0,48.0,38.0,170.0,59.0,16.0
D&N Haveli,D&N Haveli,38.0,3.0,4.0,23.0,7.0,1.0,23.0,7.0,3.0,,,,,,
D&N Haveli and Daman & Diu,D&N Haveli,,,,,,,,,,235.0,10.0,3.0,100.0,15.0,2.0
D&N Haveli and Daman & Diu,Daman,,,,,,,,,,26.0,6.0,6.0,26.0,5.0,0.0
D&N Haveli and Daman & Diu,Diu,,,,,,,,,,8.0,0.0,1.0,3.0,0.0,0.0
Daman & Diu,Daman,48.0,5.0,4.0,48.0,5.0,2.0,53.0,6.0,2.0,,,,,,
Daman & Diu,Diu,11.0,1.0,1.0,1.0,0.0,2.0,11.0,0.0,2.0,,,,,,
Delhi,Central,,,,,,,,,,9370.0,22.0,156.0,9697.0,31.0,159.0
Delhi,Crime Branch,,,,,,,,,,2.0,0.0,0.0,1.0,0.0,0.0
Delhi,Dwarka,,,,,,,,,,16581.0,30.0,418.0,17856.0,40.0,489.0
Delhi,EOW,,,,,,,,,,0.0,0.0,0.0,0.0,0.0,0.0
Delhi,East,,,,,,,,,,14828.0,36.0,351.0,15169.0,24.0,227.0
Delhi,IGI Airport,,,,,,,,,,282.0,0.0,0.0,319.0,0.0,0.0
Delhi,Metro,,,,,,,,,,3729.0,1.0,1.0,5826.0,0.0,0.0
Delhi,New Delhi,,,,,,,,,,1350.0,7.0,20.0,1436.0,4.0,17.0
Delhi,North,,,,,,,,,,14023.0,37.0,282.0,18450.0,33.0,193.0
Delhi,North-East,,,,,,,,,,19364.0,44.0,438.0,19610.0,42.0,409.0
Delhi,North-West,,,,,,,,,,18480.0,44.0,243.0,21436.0,32.0,324.0
Delhi,Outer,,,,,,,,,,15120.0,33.0,360.0,14716.0,45.0,326.0
Delhi,Outer North,,,,,,,,,,9044.0,57.0,277.0,10129.0,58.0,240.0
Delhi,RAILWAY,,,,,,,,,,3089.0,7.0,0.0,4813.0,3.0,0.0
Delhi,Rohini,,,,,,,,,,12058.0,43.0,440.0,13042.0,25.0,290.0
Delhi,SPUWAC,,,,,,,,,,0.0,0.0,48.0,0.0,0.0,111.0
Delhi,Shahdara,,,,,,,,,,11122.0,16.0,356.0,9968.0,21.0,267.0
Delhi,South,,,,,,,,,,15243.0,40.0,539.0,17800.0,36.0,339.0
Delhi,South-East,,,,,,,,,,17144.0,43.0,354.0,19591.0,51.0,339.0
Delhi,South-West,,,,,,,,,,7461.0,18.0,226.0,7594.0,30.0,181.0
Delhi,Spl Cell,,,,,,,,,,0.0,0.0,0.0,0.0,0.0,0.0
Delhi,Vigilance,,,,,,,,,,0.0,0.0,0.0,0.0,0.0,0.0
Delhi,West,,,,,,,,,,18360.0,31.0,392.0,21084.0,31.0,325.0
Delhi UT,Central,7362.0,9.0,73.0,8047.0,21.0,101.0,10034.0,33.0,71.0,,,,,,
Delhi UT,Crime Branch,2.0,1.0,0.0,5.0,3.0,0.0,2.0,0.0,0.0,,,,,,
Delhi UT,Dwarka,9521.0,50.0,275.0,12853.0,46.0,304.0,19267.0,46.0,315.0,,,,,,
Delhi UT,EOW,0.0,0.0,0.0,0.0,0.0,0.0,0.0,0.0,0.0,,,,,,
Delhi UT,East,14186.0,28.0,208.0,14514.0,26.0,269.0,19048.0,21.0,213.0,,,,,,
Delhi UT,IGI Airport,263.0,1.0,0.0,242.0,1.0,0.0,310.0,0.0,0.0,,,,,,
Delhi UT,Metro,12786.0,0.0,0.0,5510.0,1.0,0.0,6759.0,0.0,0.0,,,,,,
Delhi UT,New Delhi,2599.0,4.0,14.0,2162.0,7.0,21.0,2798.0,6.0,13.0,,,,,,
Delhi UT,North,7713.0,35.0,123.0,12269.0,23.0,164.0,13370.0,17.0,165.0,,,,,,
Delhi UT,North-East,11552.0,49.0,294.0,13794.0,39.0,287.0,17953.0,54.0,425.0,,,,,,
Delhi UT,North-West,15913.0,48.0,305.0,20677.0,59.0,353.0,20825.0,33.0,223.0,,,,,,
Delhi UT,Outer,10688.0,53.0,141.0,12935.0,54.0,409.0,17426.0,44.0,352.0,,,,,,
Delhi UT,Outer North,,,,,,,8311.0,69.0,138.0,,,,,,
Delhi UT,RAILWAY,4149.0,7.0,0.0,3298.0,4.0,0.0,5418.0,3.0,0.0,,,,,,
Delhi UT,Rohini,14620.0,74.0,312.0,16863.0,69.0,345.0,19325.0,43.0,348.0,,,,,,
Delhi UT,SPUWAC,0.0,0.0,164.0,0.0,0.0,87.0,0.0,0.0,56.0,,,,,,
Delhi UT,Shahdara,11565.0,18.0,141.0,12251.0,24.0,162.0,14834.0,22.0,442.0,,,,,,
Delhi UT,South,15838.0,35.0,173.0,18968.0,39.0,250.0,19487.0,34.0,321.0,,,,,,
Delhi UT,South-East,14585.0,41.0,129.0,18362.0,48.0,174.0,19636.0,36.0,158.0,,,,,,
Delhi UT,South-West,6864.0,11.0,93.0,8971.0,17.0,109.0,12380.0,23.0,186.0,,,,,,
Delhi UT,Spl Cell,0.0,0.0,0.0,0.0,0.0,0.0,0.0,0.0,0.0,,,,,,
Delhi UT,Vigilance,0.0,0.0,0.0,0.0,0.0,0.0,0.0,0.0,0.0,,,,,,
Delhi UT,West,13790.0,23.0,290.0,13967.0,32.0,381.0,18802.0,37.0,366.0,,,,,,
Goa,CID,27.0,1.0,1.0,31.0,0.0,0.0,26.0,0.0,1.0,31.0,1.0,3.0,34.0,0.0,0.0
Goa,North Goa,276.0,11.0,10.0,291.0,13.0,5.0,278.0,14.0,2.0,326.0,18.0,1.0,272.0,16.0,0.0
Goa,South Goa,165.0,19.0,10.0,180.0,16.0,4.0,211.0,19.0,6.0,191.0,25.0,2.0,155.0,10.0,0.0
Gujarat,Ahmedabad City,3246.0,90.0,667.0,2837.0,98.0,645.0,2907.0,81.0,819.0,3187.0,100.0,616.0,5008.0,109.0,544.0
Gujarat,Ahmedabad Rural,112.0,20.0,54.0,156.0,34.0,34.0,145.0,36.0,46.0,190.0,20.0,14.0,560.0,30.0,13.0
Gujarat,Amreli,134.0,18.0,72.0,245.0,17.0,88.0,194.0,15.0,125.0,114.0,18.0,62.0,299.0,19.0,49.0
Gujarat,Anand,289.0,19.0,92.0,193.0,20.0,46.0,191.0,37.0,44.0,243.0,17.0,37.0,557.0,22.0,25.0
Gujarat,Arvalli,93.0,9.0,49.0,111.0,14.0,85.0,79.0,13.0,94.0,197.0,11.0,15.0,198.0,5.0,7.0
Gujarat,Banaskantha,379.0,26.0,94.0,381.0,38.0,112.0,349.0,31.0,187.0,302.0,28.0,49.0,608.0,40.0,62.0
Gujarat,Bharuch,372.0,42.0,43.0,381.0,34.0,28.0,383.0,28.0,31.0,316.0,20.0,35.0,426.0,28.0,39.0
Gujarat,Bhavnagar,261.0,31.0,88.0,324.0,49.0,98.0,246.0,35.0,150.0,210.0,44.0,82.0,400.0,34.0,58.0
Gujarat,Botad,60.0,14.0,16.0,58.0,9.0,10.0,57.0,12.0,22.0,39.0,12.0,11.0,44.0,16.0,13.0
Gujarat,CID Crime,0.0,0.0,0.0,0.0,0.0,0.0,0.0,0.0,0.0,0.0,1.0,0.0,2.0,0.0,0.0
Gujarat,Chhotaudepur,105.0,25.0,7.0,88.0,28.0,11.0,89.0,26.0,5.0,85.0,20.0,9.0,111.0,14.0,11.0
Gujarat,Cyber Ahmedabad Range,,,,,,,,,,0.0,0.0,0.0,0.0,0.0,0.0
Gujarat,Cyber Bhavnagar Range,,,,,,,,,,0.0,0.0,0.0,0.0,0.0,0.0
Gujarat,Cyber Border Range,,,,,,,,,,0.0,0.0,0.0,0.0,0.0,0.0
Gujarat,Cyber Gandhinagar Range,,,,,,,,,,0.0,0.0,0.0,1.0,0.0,0.0
Gujarat,Cyber Junagadh Range,,,,,,,,,,1.0,0.0,0.0,0.0,0.0,0.0
Gujarat,Cyber Panchmahal Range,,,,,,,,,,0.0,0.0,0.0,0.0,0.0,0.0
Gujarat,Cyber Rajkot Range,,,,,,,,,,0.0,0.0,0.0,0.0,0.0,0.0
Gujarat,Cyber Surat Range,,,,,,,,,,0.0,0.0,0.0,0.0,0.0,0.0
Gujarat,Cyber Vadodara Range,,,,,,,,,,0.0,0.0,0.0,0.0,0.0,0.0
Gujarat,Dahod,206.0,43.0,119.0,191.0,37.0,16.0,238.0,33.0,30.0,203.0,30.0,4.0,272.0,20.0,5.0
Gujarat,Dang,8.0,6.0,0.0,13.0,5.0,0.0,5.0,4.0,0.0,8.0,8.0,3.0,18.0,4.0,1.0
Gujarat,Devbhumi Dwarka,70.0,10.0,90.0,65.0,13.0,62.0,46.0,7.0,60.0,44.0,8.0,40.0,80.0,3.0,21.0
Gujarat,Gandhinagar,331.0,15.0,116.0,383.0,20.0,88.0,298.0,17.0,80.0,642.0,26.0,42.0,930.0,22.0,46.0
Gujarat,Gir Somnath,86.0,8.0,110.0,81.0,11.0,89.0,151.0,10.0,104.0,62.0,14.0,15.0,105.0,11.0,22.0
Gujarat,Jamnagar,215.0,16.0,81.0,230.0,22.0,46.0,184.0,18.0,57.0,181.0,20.0,44.0,306.0,24.0,37.0
Gujarat,Junagadh,139.0,18.0,150.0,230.0,23.0,164.0,273.0,25.0,163.0,172.0,17.0,90.0,192.0,22.0,108.0
Gujarat,Kachchh East(G),255.0,22.0,51.0,247.0,22.0,27.0,247.0,24.0,43.0,432.0,21.0,49.0,274.0,23.0,57.0
Gujarat,Kachchh West(B),163.0,20.0,68.0,201.0,21.0,50.0,193.0,15.0,71.0,345.0,21.0,42.0,278.0,21.0,46.0
Gujarat,Kheda,144.0,28.0,22.0,119.0,23.0,59.0,125.0,27.0,65.0,202.0,22.0,54.0,463.0,27.0,49.0
Gujarat,Mahisagar,44.0,12.0,47.0,39.0,13.0,41.0,31.0,12.0,37.0,30.0,16.0,9.0,76.0,11.0,12.0
Gujarat,Mehsana,466.0,31.0,103.0,407.0,36.0,88.0,298.0,31.0,88.0,283.0,24.0,61.0,674.0,25.0,52.0
Gujarat,Morbi,120.0,26.0,31.0,112.0,28.0,33.0,94.0,33.0,22.0,116.0,19.0,8.0,137.0,30.0,26.0
Gujarat,Narmada,38.0,6.0,8.0,38.0,11.0,6.0,47.0,13.0,15.0,46.0,7.0,4.0,43.0,7.0,4.0
Gujarat,Navsari,197.0,20.0,18.0,172.0,13.0,29.0,117.0,10.0,32.0,56.0,8.0,16.0,197.0,17.0,5.0
Gujarat,Panchmahal,235.0,32.0,65.0,202.0,39.0,62.0,181.0,31.0,55.0,190.0,31.0,33.0,256.0,29.0,47.0
Gujarat,Patan,213.0,21.0,45.0,383.0,13.0,64.0,193.0,14.0,66.0,204.0,25.0,24.0,257.0,15.0,27.0
Gujarat,Porbandar,44.0,9.0,42.0,69.0,16.0,37.0,56.0,16.0,34.0,55.0,9.0,9.0,68.0,14.0,6.0
Gujarat,Rajkot City,769.0,45.0,157.0,614.0,36.0,193.0,385.0,32.0,146.0,654.0,33.0,151.0,1141.0,37.0,139.0
Gujarat,Rajkot Rural,198.0,25.0,133.0,178.0,33.0,100.0,138.0,28.0,83.0,101.0,29.0,85.0,197.0,32.0,85.0
Gujarat,Sabarkantha,334.0,23.0,104.0,262.0,19.0,71.0,207.0,18.0,77.0,371.0,23.0,42.0,581.0,23.0,47.0
Gujarat,Surat City,1905.0,89.0,217.0,2087.0,108.0,264.0,3223.0,97.0,506.0,1764.0,100.0,274.0,2270.0,89.0,339.0
Gujarat,Surat Rural,274.0,40.0,34.0,303.0,53.0,23.0,297.0,33.0,15.0,236.0,40.0,25.0,443.0,32.0,20.0
Gujarat,Surendranagar,144.0,31.0,46.0,170.0,29.0,38.0,135.0,31.0,36.0,129.0,29.0,8.0,178.0,28.0,6.0
Gujarat,Tapi,82.0,14.0,7.0,64.0,6.0,5.0,46.0,15.0,3.0,43.0,11.0,3.0,57.0,13.0,1.0
Gujarat,Vadodara City,1281.0,15.0,161.0,846.0,33.0,88.0,765.0,10.0,153.0,597.0,17.0,70.0,912.0,18.0,119.0
Gujarat,Vadodara Rural,139.0,20.0,6.0,196.0,19.0,13.0,139.0,27.0,17.0,168.0,24.0,24.0,207.0,25.0,22.0
Gujarat,Valsad,313.0,23.0,9.0,254.0,25.0,8.0,185.0,28.0,37.0,143.0,28.0,7.0,179.0,25.0,6.0
Gujarat,W Rly Ahmedabad,,,,,,,,,,,,,1172.0,2.0,0.0
Gujarat,W Rly Vadodara,,,,,,,,,,,,,1077.0,2.0,0.0
Gujarat,W.Rly Ahmedabad,504.0,2.0,0.0,425.0,0.0,2.0,369.0,10.0,1.0,294.0,3.0,0.0,,,
Gujarat,W.Rly Vadodara,1354.0,6.0,1.0,858.0,4.0,0.0,976.0,10.0,0.0,493.0,5.0,0.0,,,
Haryana,Ambala,595.0,19.0,107.0,651.0,35.0,159.0,772.0,29.0,256.0,855.0,28.0,327.0,818.0,26.0,244.0
Haryana,Bhiwani,449.0,31.0,79.0,573.0,35.0,221.0,498.0,37.0,278.0,782.0,51.0,420.0,740.0,42.0,256.0
Haryana,Charkhi Dadri,214.0,23.0,30.0,254.0,27.0,78.0,152.0,16.0,39.0,117.0,17.0,88.0,151.0,15.0,92.0
Haryana,Faridabad,3187.0,80.0,473.0,3630.0,80.0,380.0,3107.0,83.0,548.0,2301.0,76.0,408.0,2412.0,96.0,428.0
Haryana,Fatehabad,344.0,23.0,60.0,453.0,31.0,103.0,422.0,26.0,90.0,605.0,14.0,125.0,556.0,24.0,103.0
Haryana,GRP,916.0,43.0,0.0,998.0,29.0,0.0,941.0,26.0,0.0,999.0,22.0,0.0,1085.0,16.0,0.0
Haryana,Gurugram,6461.0,107.0,242.0,6472.0,79.0,335.0,5995.0,104.0,319.0,4969.0,90.0,458.0,5288.0,82.0,462.0
Haryana,Hansi,327.0,12.0,52.0,352.0,18.0,50.0,324.0,14.0,80.0,424.0,13.0,109.0,362.0,19.0,108.0
Haryana,Hissar,851.0,32.0,121.0,953.0,42.0,168.0,782.0,49.0,196.0,1629.0,37.0,287.0,1637.0,54.0,249.0
Haryana,Irrigation & Power,0.0,0.0,0.0,0.0,0.0,0.0,0.0,0.0,0.0,0.0,0.0,0.0,0.0,0.0,0.0
Haryana,Jhajjar,611.0,66.0,199.0,829.0,63.0,279.0,749.0,81.0,211.0,890.0,61.0,294.0,757.0,61.0,242.0
Haryana,Jind,858.0,40.0,154.0,842.0,61.0,203.0,724.0,64.0,156.0,960.0,39.0,207.0,907.0,48.0,241.0
Haryana,Kaithal,649.0,30.0,81.0,942.0,36.0,163.0,772.0,38.0,118.0,836.0,35.0,132.0,837.0,34.0,124.0
Haryana,Karnal,1359.0,65.0,120.0,1554.0,72.0,165.0,1247.0,62.0,259.0,1906.0,66.0,341.0,2008.0,61.0,287.0
Haryana,Kurukshetra,742.0,26.0,143.0,845.0,28.0,146.0,846.0,30.0,296.0,1175.0,27.0,297.0,1110.0,26.0,242.0
Haryana,Mahendergarh,466.0,42.0,55.0,553.0,41.0,76.0,539.0,40.0,70.0,382.0,33.0,95.0,437.0,28.0,136.0
Haryana,Mewat,483.0,33.0,126.0,455.0,23.0,148.0,,,,,,,,,
Haryana,Nuh,,,,,,,553.0,40.0,166.0,670.0,22.0,93.0,595.0,30.0,102.0
Haryana,Palwal,1075.0,41.0,137.0,906.0,63.0,142.0,770.0,44.0,194.0,952.0,58.0,218.0,860.0,52.0,158.0
Haryana,Panchkula,336.0,19.0,50.0,472.0,12.0,48.0,392.0,21.0,104.0,776.0,13.0,130.0,651.0,8.0,130.0
Haryana,Panipat,1503.0,60.0,254.0,1647.0,61.0,282.0,1218.0,60.0,306.0,1851.0,72.0,384.0,1539.0,63.0,256.0
Haryana,Rewari,784.0,34.0,97.0,987.0,53.0,132.0,971.0,44.0,198.0,743.0,41.0,203.0,827.0,32.0,226.0
Haryana,Rohtak,1468.0,62.0,274.0,1518.0,69.0,237.0,1461.0,70.0,288.0,1652.0,62.0,251.0,1760.0,59.0,227.0
Haryana,Sirsa,614.0,25.0,94.0,904.0,34.0,155.0,662.0,20.0,158.0,1008.0,37.0,287.0,915.0,36.0,198.0
Haryana,Sonipat,1119.0,98.0,221.0,1324.0,82.0,266.0,917.0,97.0,299.0,1252.0,76.0,383.0,1341.0,93.0,329.0
Haryana,Yamunanagar,853.0,35.0,157.0,855.0,30.0,218.0,978.0,42.0,238.0,1407.0,30.0,346.0,1598.0,37.0,351.0
Himachal Pradesh,Baddi,58.0,7.0,12.0,75.0,6.0,15.0,67.0,7.0,11.0,67.0,8.0,11.0,62.0,7.0,16.0
Himachal Pradesh,Bilaspur,42.0,4.0,16.0,52.0,2.0,14.0,25.0,3.0,19.0,47.0,4.0,18.0,66.0,7.0,25.0
Himachal Pradesh,CID,0.0,0.0,0.0,0.0,0.0,0.0,0.0,0.0,0.0,0.0,0.0,0.0,0.0,0.0,0.0
Himachal Pradesh,Chamba,14.0,4.0,7.0,8.0,3.0,3.0,20.0,10.0,7.0,22.0,3.0,16.0,17.0,8.0,5.0
Himachal Pradesh,Cyber,0.0,0.0,0.0,0.0,0.0,0.0,0.0,0.0,0.0,0.0,0.0,0.0,0.0,0.0,0.0
Himachal Pradesh,GRP,2.0,0.0,0.0,5.0,0.0,0.0,3.0,1.0,0.0,1.0,0.0,0.0,2.0,1.0,0.0
Himachal Pradesh,Hamirpur,24.0,0.0,5.0,32.0,3.0,8.0,16.0,2.0,18.0,23.0,1.0,13.0,32.0,3.0,15.0
Himachal Pradesh,Kangra,75.0,19.0,31.0,76.0,23.0,9.0,59.0,15.0,30.0,131.0,15.0,38.0,62.0,9.0,28.0
Himachal Pradesh,Kinnaur,5.0,4.0,0.0,0.0,2.0,7.0,5.0,3.0,3.0,5.0,2.0,3.0,2.0,2.0,7.0
Himachal Pradesh,Kullu,35.0,9.0,12.0,34.0,8.0,8.0,33.0,5.0,8.0,34.0,10.0,5.0,24.0,7.0,7.0
Himachal Pradesh,Lahaul & Spiti,0.0,0.0,0.0,0.0,0.0,0.0,2.0,0.0,1.0,4.0,2.0,0.0,1.0,1.0,0.0
Himachal Pradesh,Mandi,56.0,11.0,44.0,57.0,13.0,50.0,42.0,5.0,46.0,45.0,8.0,29.0,61.0,11.0,32.0
Himachal Pradesh,Nurpur,,,,,,,,,,,,,23.0,4.0,5.0
Himachal Pradesh,Shimla,82.0,16.0,15.0,140.0,16.0,18.0,71.0,9.0,14.0,82.0,15.0,14.0,68.0,14.0,17.0
Himachal Pradesh,Sirmaur,56.0,7.0,20.0,87.0,4.0,9.0,50.0,3.0,27.0,76.0,7.0,21.0,76.0,8.0,20.0
Himachal Pradesh,Solan,77.0,5.0,4.0,99.0,6.0,6.0,58.0,3.0,10.0,89.0,4.0,4.0,91.0,5.0,14.0
Himachal Pradesh,Una,68.0,13.0,25.0,50.0,13.0,36.0,26.0,4.0,34.0,43.0,6.0,24.0,68.0,6.0,26.0
Jammu & Kashmir,Anantnag,98.0,7.0,16.0,57.0,1.0,6.0,42.0,2.0,8.0,134.0,5.0,7.0,83.0,1.0,10.0
Jammu & Kashmir,Anti Narcotic Task Force Jammu,,,,,,,,,,0.0,0.0,0.0,0.0,0.0,0.0
Jammu & Kashmir,Anti Narcotic Task Force Kashmir,,,,,,,,,,0.0,0.0,0.0,0.0,0.0,0.0
Jammu & Kashmir,Awantipora,33.0,4.0,5.0,15.0,0.0,4.0,21.0,1.0,2.0,54.0,0.0,7.0,131.0,1.0,7.0
Jammu & Kashmir,Bandipora,23.0,7.0,2.0,28.0,9.0,1.0,25.0,1.0,4.0,62.0,2.0,11.0,63.0,0.0,8.0
Jammu & Kashmir,Baramulla,65.0,7.0,46.0,67.0,7.0,48.0,63.0,11.0,60.0,116.0,9.0,24.0,87.0,2.0,20.0
Jammu & Kashmir,Budgam,110.0,0.0,2.0,113.0,1.0,9.0,123.0,1.0,7.0,107.0,4.0,17.0,83.0,5.0,14.0
Jammu & Kashmir,CICE Jammu,,,,,,,,,,0.0,0.0,0.0,0.0,0.0,0.0
Jammu & Kashmir,CICE Kashmir,,,,,,,,,,0.0,0.0,0.0,0.0,0.0,0.0
Jammu & Kashmir,Crime Jammu,0.0,0.0,0.0,0.0,0.0,0.0,0.0,0.0,0.0,,,,,,
Jammu & Kashmir,Crime Srinagar,0.0,0.0,0.0,0.0,0.0,0.0,0.0,0.0,0.0,,,,,,
Jammu & Kashmir,Cyber Crime Jammu,,,,,,,,,,0.0,0.0,0.0,0.0,0.0,0.0
Jammu & Kashmir,Cyber Crime Kashmir,,,,,,,,,,0.0,0.0,0.0,0.0,0.0,0.0
Jammu & Kashmir,Doda,31.0,2.0,7.0,11.0,4.0,12.0,8.0,3.0,13.0,24.0,1.0,49.0,27.0,1.0,33.0
Jammu & Kashmir,EOW Jammu,,,,,,,,,,0.0,0.0,0.0,0.0,0.0,0.0
Jammu & Kashmir,EOW Kashmir,,,,,,,,,,0.0,0.0,0.0,0.0,0.0,0.0
Jammu & Kashmir,Ganderbal,36.0,1.0,10.0,34.0,4.0,2.0,39.0,0.0,4.0,91.0,1.0,23.0,81.0,0.0,18.0
Jammu & Kashmir,Handwara,30.0,8.0,4.0,35.0,1.0,2.0,51.0,3.0,7.0,71.0,0.0,11.0,71.0,0.0,5.0
Jammu & Kashmir,Jammu,448.0,14.0,64.0,441.0,25.0,34.0,573.0,25.0,49.0,588.0,9.0,60.0,630.0,14.0,79.0
Jammu & Kashmir,Kargil,3.0,0.0,0.0,3.0,0.0,0.0,3.0,0.0,0.0,,,,,,
Jammu & Kashmir,Kathua,64.0,4.0,12.0,78.0,9.0,15.0,49.0,9.0,10.0,91.0,7.0,13.0,126.0,9.0,15.0
Jammu & Kashmir,Kishtwar,11.0,2.0,4.0,20.0,4.0,5.0,6.0,2.0,4.0,5.0,0.0,6.0,8.0,1.0,15.0
Jammu & Kashmir,Kulgam,42.0,11.0,11.0,38.0,4.0,7.0,39.0,6.0,8.0,88.0,0.0,4.0,82.0,2.0,8.0
Jammu & Kashmir,Kupwara,39.0,6.0,13.0,25.0,3.0,7.0,44.0,3.0,18.0,56.0,2.0,38.0,81.0,3.0,33.0
Jammu & Kashmir,Leh,1.0,0.0,0.0,2.0,3.0,0.0,5.0,2.0,1.0,,,,,,
Jammu & Kashmir,Poonch,23.0,9.0,8.0,37.0,2.0,7.0,26.0,0.0,3.0,65.0,4.0,25.0,44.0,5.0,15.0
Jammu & Kashmir,Pulwama,33.0,12.0,4.0,38.0,24.0,4.0,53.0,11.0,2.0,53.0,6.0,4.0,35.0,3.0,10.0
Jammu & Kashmir,Railways Jammu,9.0,0.0,0.0,10.0,0.0,1.0,13.0,0.0,0.0,12.0,0.0,0.0,12.0,0.0,0.0
Jammu & Kashmir,Railways Kashmir,3.0,0.0,0.0,1.0,0.0,0.0,5.0,0.0,0.0,14.0,0.0,0.0,3.0,0.0,0.0
Jammu & Kashmir,Railways Katra,6.0,0.0,0.0,4.0,0.0,0.0,5.0,0.0,0.0,5.0,1.0,0.0,2.0,0.0,0.0
Jammu & Kashmir,Rajouri,67.0,6.0,42.0,62.0,11.0,35.0,61.0,13.0,33.0,68.0,10.0,58.0,92.0,11.0,51.0
Jammu & Kashmir,Ramban,25.0,4.0,6.0,41.0,3.0,5.0,31.0,3.0,5.0,59.0,2.0,11.0,41.0,0.0,13.0
Jammu & Kashmir,Reasi,41.0,5.0,5.0,54.0,5.0,5.0,34.0,1.0,3.0,41.0,7.0,5.0,41.0,7.0,13.0
Jammu & Kashmir,Samba,52.0,2.0,11.0,51.0,12.0,12.0,75.0,2.0,9.0,113.0,0.0,8.0,134.0,6.0,4.0
Jammu & Kashmir,Shopian,63.0,14.0,4.0,73.0,14.0,4.0,61.0,8.0,3.0,118.0,4.0,7.0,62.0,1.0,10.0
Jammu & Kashmir,Sopore,82.0,2.0,8.0,99.0,10.0,2.0,97.0,1.0,2.0,88.0,0.0,8.0,74.0,2.0,4.0
Jammu & Kashmir,Special Crime Wing Jammu,,,,,,,,,,0.0,0.0,0.0,0.0,0.0,0.0
Jammu & Kashmir,Special Crime Wing Kashmir,,,,,,,,,,0.0,0.0,0.0,0.0,0.0,0.0
Jammu & Kashmir,Srinagar,362.0,15.0,52.0,329.0,16.0,51.0,281.0,6.0,48.0,390.0,13.0,70.0,196.0,6.0,113.0
Jammu & Kashmir,Udhampur,45.0,10.0,41.0,91.0,9.0,47.0,90.0,5.0,44.0,85.0,12.0,34.0,72.0,4.0,26.0
Jharkhand,Bokaro,253.0,48.0,70.0,579.0,73.0,78.0,723.0,58.0,71.0,845.0,52.0,64.0,831.0,54.0,6.0
Jharkhand,Chaibasa,154.0,101.0,13.0,175.0,101.0,19.0,150.0,107.0,6.0,199.0,108.0,11.0,151.0,85.0,21.0
Jharkhand,Chatra,180.0,64.0,18.0,223.0,74.0,11.0,191.0,50.0,25.0,195.0,53.0,11.0,210.0,60.0,19.0
Jharkhand,Deoghar,505.0,70.0,64.0,495.0,71.0,57.0,484.0,70.0,93.0,527.0,86.0,40.0,634.0,76.0,30.0
Jharkhand,Dhanbad,312.0,58.0,39.0,357.0,42.0,55.0,1022.0,64.0,51.0,1149.0,80.0,62.0,1562.0,80.0,62.0
Jharkhand,Dhanbad Railway,503.0,4.0,0.0,426.0,4.0,0.0,344.0,5.0,0.0,516.0,2.0,0.0,384.0,1.0,0.0
Jharkhand,Dumka,194.0,63.0,16.0,312.0,58.0,33.0,265.0,57.0,27.0,255.0,70.0,7.0,279.0,53.0,13.0
Jharkhand,Garhwa,135.0,62.0,43.0,127.0,75.0,50.0,189.0,91.0,102.0,197.0,87.0,59.0,159.0,78.0,60.0
Jharkhand,Giridih,359.0,51.0,49.0,404.0,129.0,41.0,360.0,71.0,118.0,365.0,69.0,74.0,377.0,93.0,49.0
Jharkhand,Godda,159.0,52.0,126.0,216.0,53.0,140.0,181.0,59.0,57.0,291.0,42.0,38.0,271.0,56.0,37.0
Jharkhand,Gumla,147.0,136.0,13.0,173.0,135.0,6.0,161.0,126.0,34.0,189.0,86.0,11.0,185.0,86.0,11.0
Jharkhand,Hazaribagh,425.0,77.0,39.0,436.0,91.0,49.0,506.0,73.0,79.0,683.0,84.0,61.0,678.0,68.0,84.0
Jharkhand,Jamshedpur,1071.0,98.0,70.0,1142.0,84.0,81.0,970.0,79.0,86.0,844.0,80.0,74.0,784.0,72.0,51.0
Jharkhand,Jamshedpur Railway,142.0,4.0,0.0,158.0,1.0,0.0,158.0,3.0,0.0,131.0,5.0,0.0,161.0,0.0,0.0
Jharkhand,Jamtara,122.0,19.0,90.0,152.0,31.0,15.0,150.0,18.0,39.0,115.0,26.0,21.0,174.0,18.0,19.0
Jharkhand,Khunti,43.0,56.0,3.0,73.0,75.0,4.0,66.0,68.0,4.0,91.0,67.0,16.0,70.0,54.0,16.0
Jharkhand,Koderma,143.0,28.0,24.0,150.0,17.0,22.0,135.0,26.0,17.0,190.0,22.0,18.0,136.0,34.0,14.0
Jharkhand,Latehar,108.0,33.0,5.0,81.0,45.0,7.0,90.0,50.0,3.0,115.0,50.0,17.0,101.0,51.0,6.0
Jharkhand,Lohardagga,101.0,22.0,13.0,105.0,25.0,8.0,132.0,28.0,14.0,123.0,28.0,8.0,115.0,26.0,10.0
Jharkhand,Pakur,89.0,23.0,16.0,180.0,44.0,28.0,76.0,33.0,18.0,119.0,28.0,38.0,83.0,23.0,31.0
Jharkhand,Palamu,272.0,89.0,88.0,326.0,106.0,81.0,448.0,87.0,95.0,324.0,86.0,35.0,349.0,98.0,37.0
Jharkhand,Ramgarh,333.0,19.0,14.0,412.0,27.0,12.0,280.0,27.0,16.0,222.0,27.0,12.0,191.0,37.0,11.0
Jharkhand,Ranchi,2544.0,152.0,0.0,1582.0,165.0,119.0,2568.0,163.0,115.0,2377.0,154.0,114.0,2549.0,133.0,136.0
Jharkhand,Sahebganj,204.0,62.0,144.0,202.0,76.0,69.0,402.0,78.0,316.0,144.0,47.0,29.0,184.0,55.0,23.0
Jharkhand,Saraikela,302.0,43.0,27.0,235.0,64.0,28.0,335.0,58.0,28.0,173.0,61.0,20.0,288.0,35.0,16.0
Jharkhand,Simdega,41.0,53.0,14.0,41.0,46.0,19.0,55.0,77.0,12.0,71.0,50.0,10.0,59.0,37.0,8.0
Karnataka,Bagalkot,122.0,37.0,33.0,103.0,35.0,19.0,219.0,37.0,30.0,299.0,41.0,34.0,291.0,35.0,18.0
Karnataka,Ballari,249.0,37.0,37.0,248.0,30.0,39.0,569.0,42.0,69.0,347.0,26.0,65.0,417.0,18.0,97.0
Karnataka,Belagavi District,293.0,70.0,116.0,319.0,64.0,103.0,236.0,68.0,112.0,503.0,69.0,127.0,546.0,72.0,111.0
Karnataka,Bengaluru City,10804.0,235.0,493.0,9385.0,218.0,410.0,7717.0,204.0,469.0,7574.0,173.0,584.0,10438.0,206.0,706.0
Karnataka,Bengaluru District,842.0,63.0,61.0,814.0,73.0,66.0,870.0,71.0,82.0,1180.0,70.0,149.0,1619.0,64.0,160.0
Karnataka,Bidar,169.0,33.0,83.0,206.0,43.0,88.0,203.0,50.0,111.0,331.0,54.0,110.0,367.0,41.0,98.0
Karnataka,Chamarajnagar,88.0,16.0,24.0,129.0,17.0,31.0,105.0,21.0,52.0,133.0,19.0,19.0,136.0,20.0,26.0
Karnataka,Chikkaballapura,167.0,26.0,21.0,150.0,33.0,20.0,177.0,24.0,17.0,343.0,29.0,51.0,296.0,24.0,35.0
Karnataka,Chikkamagaluru,173.0,15.0,50.0,204.0,32.0,58.0,314.0,23.0,65.0,216.0,14.0,43.0,300.0,32.0,44.0
Karnataka,Chitradurga,182.0,16.0,48.0,325.0,20.0,46.0,337.0,26.0,49.0,367.0,30.0,72.0,433.0,32.0,109.0
Karnataka,Dakshina Kannada,124.0,17.0,22.0,94.0,10.0,6.0,78.0,12.0,25.0,81.0,22.0,31.0,118.0,11.0,25.0
Karnataka,Davanagere,317.0,33.0,51.0,416.0,31.0,29.0,397.0,40.0,58.0,632.0,29.0,59.0,711.0,20.0,70.0
Karnataka,Dharwad,85.0,30.0,19.0,62.0,12.0,8.0,41.0,23.0,3.0,144.0,26.0,42.0,146.0,19.0,27.0
Karnataka,Gadag,376.0,20.0,28.0,311.0,14.0,29.0,163.0,12.0,16.0,163.0,22.0,23.0,204.0,16.0,23.0
Karnataka,Hassan,278.0,50.0,57.0,316.0,48.0,57.0,283.0,48.0,84.0,370.0,63.0,50.0,484.0,38.0,76.0
Karnataka,Haveri,311.0,25.0,39.0,219.0,17.0,26.0,173.0,23.0,33.0,338.0,16.0,36.0,422.0,12.0,36.0
Karnataka,Hubballi Dharwad City,400.0,20.0,48.0,270.0,26.0,57.0,214.0,12.0,57.0,307.0,17.0,87.0,256.0,25.0,104.0
Karnataka,K.G.F.,30.0,8.0,5.0,34.0,6.0,7.0,74.0,7.0,13.0,93.0,12.0,13.0,,,
Karnataka,K.Railways,1517.0,17.0,1.0,1098.0,15.0,1.0,1581.0,16.0,0.0,1125.0,11.0,3.0,,,
Karnataka,KGF,,,,,,,,,,,,,96.0,12.0,17.0
Karnataka,KRailways,,,,,,,,,,,,,796.0,8.0,0.0
Karnataka,Kalaburgi,266.0,70.0,105.0,308.0,64.0,134.0,166.0,37.0,112.0,296.0,55.0,101.0,351.0,57.0,79.0
Karnataka,Kodagu,216.0,27.0,22.0,134.0,24.0,21.0,156.0,33.0,35.0,126.0,19.0,24.0,90.0,28.0,24.0
Karnataka,Kolar,144.0,38.0,23.0,142.0,24.0,10.0,143.0,26.0,30.0,338.0,28.0,23.0,374.0,43.0,27.0
Karnataka,Koppal,236.0,15.0,49.0,463.0,13.0,42.0,351.0,17.0,60.0,384.0,18.0,96.0,272.0,26.0,76.0
Karnataka,Mandya,522.0,44.0,69.0,494.0,46.0,51.0,415.0,45.0,71.0,458.0,57.0,92.0,498.0,45.0,91.0
Karnataka,Mangaluru City,221.0,16.0,52.0,247.0,21.0,35.0,227.0,17.0,34.0,150.0,11.0,32.0,200.0,19.0,29.0
Karnataka,Mysuru City,471.0,22.0,29.0,439.0,24.0,40.0,440.0,15.0,75.0,543.0,26.0,43.0,438.0,30.0,39.0
Karnataka,Mysuru District,306.0,53.0,72.0,328.0,51.0,48.0,425.0,46.0,57.0,414.0,62.0,97.0,405.0,30.0,72.0
Karnataka,Raichur,131.0,42.0,133.0,253.0,29.0,98.0,257.0,20.0,93.0,503.0,43.0,115.0,555.0,45.0,109.0
Karnataka,Ramanagara,531.0,42.0,55.0,392.0,58.0,59.0,370.0,49.0,67.0,554.0,44.0,46.0,524.0,37.0,42.0
Karnataka,Shimoga,391.0,44.0,191.0,412.0,36.0,135.0,394.0,35.0,80.0,409.0,31.0,92.0,399.0,38.0,87.0
Karnataka,Tumakuru,368.0,44.0,36.0,509.0,60.0,40.0,510.0,56.0,47.0,651.0,79.0,65.0,795.0,53.0,74.0
Karnataka,Udupi,103.0,12.0,31.0,122.0,17.0,35.0,163.0,16.0,62.0,160.0,16.0,30.0,175.0,12.0,36.0
Karnataka,Vijayapura,227.0,82.0,105.0,241.0,66.0,79.0,340.0,59.0,87.0,373.0,59.0,107.0,381.0,59.0,124.0
Kerala,Alapuzha,157.0,19.0,117.0,207.0,12.0,82.0,146.0,22.0,138.0,156.0,16.0,201.0,236.0,23.0,245.0
Kerala,All Districts,,,,,,,,,,247.0,15.0,355.0,,,
Kerala,Crime Branch,5.0,0.0,2.0,5.0,2.0,0.0,9.0,7.0,0.0,0.0,0.0,0.0,0.0,0.0,0.0
Kerala,Ernakulam Commr,,,,,,,,,,,,,398.0,12.0,146.0
Kerala,Ernakulam Commr.,311.0,11.0,108.0,301.0,12.0,76.0,269.0,22.0,89.0,296.0,16.0,153.0,,,
Kerala,Ernakulam Rural,254.0,17.0,156.0,279.0,16.0,117.0,230.0,30.0,110.0,268.0,18.0,329.0,522.0,35.0,342.0
Kerala,Idukki,160.0,20.0,120.0,166.0,18.0,86.0,127.0,17.0,83.0,141.0,32.0,101.0,116.0,20.0,68.0
Kerala,Kannur,91.0,20.0,138.0,139.0,18.0,138.0,139.0,7.0,232.0,,,,,,
Kerala,Kannur City,,,,,,,,,,68.0,7.0,161.0,82.0,7.0,198.0
Kerala,Kannur Rural,,,,,,,,,,43.0,3.0,126.0,47.0,7.0,109.0
Kerala,Kasargod,431.0,11.0,115.0,164.0,11.0,82.0,150.0,9.0,102.0,113.0,7.0,136.0,102.0,12.0,105.0
Kerala,Kollam Commr,,,,,,,,,,,,,312.0,18.0,237.0
Kerala,Kollam Commr.,126.0,10.0,153.0,118.0,16.0,110.0,142.0,21.0,145.0,171.0,12.0,364.0,,,
Kerala,Kollam Rural,131.0,22.0,145.0,107.0,26.0,95.0,88.0,17.0,150.0,134.0,20.0,220.0,145.0,19.0,190.0
Kerala,Kottayam,147.0,10.0,101.0,180.0,15.0,66.0,157.0,21.0,83.0,189.0,18.0,153.0,210.0,27.0,186.0
Kerala,Kozhikode Commr,,,,,,,,,,,,,294.0,6.0,263.0
Kerala,Kozhikode Commr.,219.0,7.0,124.0,214.0,8.0,98.0,228.0,7.0,163.0,342.0,7.0,342.0,,,
Kerala,Kozhikode Rural,165.0,5.0,248.0,112.0,11.0,210.0,123.0,14.0,293.0,177.0,12.0,406.0,173.0,8.0,404.0
Kerala,Malappuram,191.0,18.0,364.0,232.0,18.0,337.0,198.0,12.0,428.0,202.0,23.0,624.0,288.0,24.0,598.0
Kerala,Palakkad,199.0,27.0,203.0,232.0,19.0,119.0,231.0,19.0,207.0,192.0,38.0,315.0,252.0,21.0,343.0
Kerala,Pathanamthitta,112.0,30.0,83.0,91.0,16.0,39.0,101.0,14.0,69.0,129.0,9.0,104.0,129.0,18.0,90.0
Kerala,Railways,175.0,0.0,0.0,159.0,0.0,0.0,196.0,0.0,0.0,221.0,0.0,0.0,201.0,4.0,0.0
Kerala,Thrissur Commr,,,,,,,,,,,,,395.0,21.0,316.0
Kerala,Thrissur Commr.,185.0,11.0,69.0,213.0,11.0,98.0,230.0,15.0,170.0,,,,,,
Kerala,Thrissur Rural,175.0,23.0,239.0,124.0,15.0,85.0,140.0,13.0,157.0,162.0,17.0,263.0,146.0,16.0,272.0
Kerala,Trivandrum Commr,,,,,,,,,,,,,272.0,9.0,101.0
Kerala,Trivandrum Commr.,263.0,13.0,78.0,252.0,15.0,53.0,237.0,15.0,81.0,312.0,23.0,116.0,,,
Kerala,Trivandrum Rural,282.0,27.0,207.0,293.0,21.0,114.0,202.0,32.0,204.0,286.0,31.0,313.0,293.0,30.0,295.0
Kerala,Wayanadu,65.0,4.0,86.0,63.0,12.0,41.0,58.0,9.0,66.0,94.0,10.0,216.0,73.0,15.0,202.0
Ladakh,Kargil,,,,,,,,,,13.0,2.0,1.0,7.0,0.0,2.0
Ladakh,Leh,,,,,,,,,,7.0,3.0,1.0,8.0,2.0,4.0
Lakshadweep,Lakshadweep,18.0,0.0,2.0,8.0,1.0,1.0,19.0,0.0,0.0,14.0,0.0,3.0,20.0,0.0,3.0
Madhya Pradesh,Agar,123.0,9.0,19.0,93.0,7.0,34.0,118.0,11.0,47.0,165.0,8.0,76.0,122.0,10.0,53.0
Madhya Pradesh,Alirajpur,170.0,47.0,10.0,149.0,42.0,10.0,193.0,49.0,24.0,111.0,60.0,7.0,126.0,46.0,9.0
Madhya Pradesh,Anuppur,127.0,23.0,78.0,94.0,29.0,74.0,132.0,34.0,65.0,314.0,29.0,85.0,228.0,22.0,74.0
Madhya Pradesh,Ashok Nagar,239.0,19.0,81.0,183.0,21.0,41.0,217.0,21.0,53.0,95.0,19.0,134.0,116.0,24.0,76.0
Madhya Pradesh,Balaghat,235.0,43.0,65.0,178.0,37.0,78.0,254.0,40.0,147.0,270.0,37.0,136.0,160.0,38.0,82.0
Madhya Pradesh,Barwani,288.0,27.0,25.0,234.0,41.0,17.0,213.0,38.0,32.0,204.0,37.0,64.0,241.0,31.0,67.0
Madhya Pradesh,Betul,163.0,57.0,105.0,193.0,45.0,68.0,191.0,38.0,77.0,253.0,66.0,40.0,245.0,44.0,96.0
Madhya Pradesh,Bhind,363.0,42.0,106.0,451.0,28.0,116.0,346.0,47.0,133.0,303.0,40.0,101.0,330.0,35.0,92.0
Madhya Pradesh,Bhopal,3335.0,65.0,439.0,3462.0,68.0,309.0,2979.0,63.0,394.0,,,,,,
Madhya Pradesh,Bhopal Commissionarate,,,,,,,,,,2213.0,54.0,684.0,2203.0,37.0,600.0
Madhya Pradesh,Bhopal Railway,2644.0,1.0,2.0,3406.0,3.0,1.0,2927.0,2.0,1.0,3278.0,1.0,0.0,5063.0,0.0,0.0
Madhya Pradesh,Bhopal Rural,,,,,,,,,,202.0,13.0,56.0,151.0,17.0,48.0
Madhya Pradesh,Burhanpur,89.0,11.0,25.0,75.0,18.0,13.0,83.0,19.0,16.0,162.0,14.0,120.0,145.0,21.0,111.0
Madhya Pradesh,Chhatarpur,204.0,47.0,109.0,288.0,39.0,34.0,318.0,43.0,121.0,427.0,40.0,168.0,378.0,46.0,155.0
Madhya Pradesh,Chhindwara,442.0,56.0,186.0,370.0,70.0,41.0,306.0,60.0,76.0,286.0,49.0,71.0,326.0,46.0,109.0
Madhya Pradesh,Cyber Crime Cell,0.0,0.0,0.0,0.0,0.0,0.0,0.0,0.0,0.0,0.0,0.0,0.0,0.0,0.0,0.0
Madhya Pradesh,Damoh,188.0,36.0,104.0,127.0,39.0,45.0,141.0,35.0,62.0,152.0,29.0,163.0,186.0,24.0,123.0
Madhya Pradesh,Datia,101.0,30.0,33.0,80.0,27.0,27.0,130.0,20.0,65.0,229.0,23.0,69.0,227.0,19.0,114.0
Madhya Pradesh,Dewas,579.0,28.0,219.0,537.0,34.0,222.0,580.0,28.0,175.0,578.0,24.0,70.0,632.0,25.0,149.0
Madhya Pradesh,Dhar,844.0,78.0,74.0,809.0,60.0,72.0,841.0,55.0,79.0,1032.0,71.0,201.0,875.0,60.0,125.0
Madhya Pradesh,Dindori,54.0,22.0,105.0,44.0,17.0,84.0,52.0,22.0,91.0,66.0,20.0,122.0,60.0,30.0,94.0
Madhya Pradesh,Guna,631.0,39.0,117.0,519.0,32.0,94.0,526.0,37.0,85.0,258.0,43.0,83.0,387.0,33.0,158.0
Madhya Pradesh,Gwalior,2349.0,66.0,234.0,2081.0,77.0,250.0,1726.0,63.0,497.0,1844.0,64.0,561.0,1856.0,80.0,518.0
Madhya Pradesh,Harda,188.0,20.0,72.0,133.0,14.0,44.0,149.0,14.0,51.0,106.0,14.0,92.0,107.0,18.0,50.0
Madhya Pradesh,Hoshangabad,312.0,38.0,115.0,325.0,46.0,134.0,381.0,36.0,100.0,,,,,,
Madhya Pradesh,Indore,4140.0,94.0,368.0,4236.0,78.0,397.0,4093.0,82.0,571.0,,,,,,
Madhya Pradesh,Indore Commissionarate,,,,,,,,,,3745.0,72.0,532.0,4262.0,51.0,483.0
Madhya Pradesh,Indore Railway,659.0,2.0,1.0,578.0,2.0,0.0,585.0,0.0,1.0,1221.0,2.0,0.0,1780.0,0.0,0.0
Madhya Pradesh,Indore Rural,,,,,,,,,,472.0,32.0,96.0,442.0,29.0,138.0
Madhya Pradesh,Jabalpur,950.0,88.0,247.0,1146.0,72.0,190.0,778.0,70.0,215.0,998.0,86.0,412.0,1052.0,76.0,325.0
Madhya Pradesh,Jabalpur Railway,1747.0,5.0,0.0,1626.0,1.0,0.0,1366.0,4.0,3.0,2358.0,2.0,0.0,3718.0,4.0,0.0
Madhya Pradesh,Jhabua,251.0,21.0,29.0,234.0,30.0,23.0,198.0,25.0,9.0,196.0,35.0,22.0,182.0,23.0,18.0
Madhya Pradesh,Katni,291.0,37.0,132.0,260.0,36.0,28.0,198.0,21.0,35.0,281.0,26.0,63.0,238.0,35.0,63.0
Madhya Pradesh,Khandwa,295.0,24.0,38.0,242.0,23.0,43.0,250.0,25.0,49.0,301.0,30.0,91.0,294.0,24.0,95.0
Madhya Pradesh,Khargone,455.0,48.0,77.0,441.0,45.0,60.0,479.0,39.0,77.0,482.0,42.0,96.0,367.0,35.0,70.0
Madhya Pradesh,Mandla,82.0,25.0,42.0,72.0,31.0,21.0,52.0,29.0,29.0,318.0,25.0,70.0,169.0,33.0,70.0
Madhya Pradesh,Mandsaur,357.0,34.0,31.0,394.0,21.0,16.0,443.0,16.0,25.0,459.0,22.0,117.0,341.0,15.0,114.0
Madhya Pradesh,Morena,670.0,41.0,225.0,568.0,44.0,114.0,553.0,45.0,176.0,616.0,45.0,279.0,537.0,43.0,183.0
Madhya Pradesh,Narmadapuram,,,,,,,,,,299.0,35.0,190.0,278.0,44.0,126.0
Madhya Pradesh,Narsinghpur,197.0,30.0,157.0,158.0,34.0,72.0,125.0,31.0,40.0,171.0,30.0,106.0,140.0,32.0,110.0
Madhya Pradesh,Neemuch,221.0,10.0,25.0,145.0,8.0,13.0,169.0,8.0,43.0,224.0,11.0,165.0,182.0,13.0,91.0
Madhya Pradesh,Niwari,,,,,,,45.0,15.0,47.0,58.0,9.0,36.0,42.0,16.0,33.0
Madhya Pradesh,Panna,75.0,18.0,31.0,58.0,18.0,23.0,88.0,24.0,38.0,127.0,19.0,111.0,177.0,19.0,115.0
Madhya Pradesh,Raisen,294.0,38.0,84.0,165.0,35.0,35.0,322.0,33.0,78.0,557.0,42.0,160.0,372.0,54.0,141.0
Madhya Pradesh,Rajgarh,359.0,22.0,98.0,340.0,14.0,47.0,392.0,18.0,133.0,245.0,25.0,426.0,302.0,23.0,322.0
Madhya Pradesh,Ratlam,357.0,31.0,164.0,356.0,28.0,113.0,448.0,25.0,119.0,523.0,32.0,180.0,513.0,33.0,154.0
Madhya Pradesh,Rewa,810.0,58.0,116.0,719.0,55.0,66.0,1163.0,51.0,114.0,1299.0,65.0,225.0,1041.0,53.0,199.0
Madhya Pradesh,Sagar,546.0,65.0,304.0,454.0,75.0,133.0,424.0,79.0,128.0,520.0,82.0,424.0,526.0,59.0,357.0
Madhya Pradesh,Satna,497.0,63.0,144.0,515.0,71.0,58.0,516.0,42.0,131.0,461.0,60.0,108.0,429.0,48.0,107.0
Madhya Pradesh,Sehore,586.0,21.0,203.0,514.0,34.0,130.0,490.0,17.0,82.0,491.0,27.0,130.0,430.0,25.0,117.0
Madhya Pradesh,Seoni,180.0,29.0,123.0,158.0,40.0,93.0,138.0,18.0,136.0,261.0,30.0,137.0,218.0,33.0,113.0
Madhya Pradesh,Shahdol,243.0,35.0,282.0,191.0,35.0,100.0,259.0,41.0,151.0,477.0,44.0,191.0,470.0,49.0,128.0
Madhya Pradesh,Shajapur,259.0,23.0,32.0,163.0,10.0,43.0,251.0,13.0,57.0,259.0,19.0,130.0,204.0,11.0,111.0
Madhya Pradesh,Sheopur,67.0,13.0,24.0,62.0,6.0,15.0,84.0,8.0,19.0,143.0,12.0,58.0,122.0,11.0,49.0
Madhya Pradesh,Shivpuri,295.0,34.0,62.0,292.0,35.0,32.0,275.0,54.0,64.0,468.0,63.0,152.0,408.0,47.0,173.0
Madhya Pradesh,Sidhi,303.0,26.0,24.0,232.0,25.0,37.0,202.0,26.0,63.0,218.0,22.0,109.0,159.0,22.0,116.0
Madhya Pradesh,Singrauli,184.0,44.0,129.0,138.0,40.0,51.0,178.0,44.0,81.0,408.0,56.0,144.0,419.0,51.0,147.0
Madhya Pradesh,Tikamgarh,246.0,18.0,121.0,181.0,30.0,36.0,126.0,21.0,39.0,171.0,26.0,74.0,157.0,18.0,66.0
Madhya Pradesh,Ujjain,1151.0,52.0,279.0,1092.0,51.0,237.0,1240.0,45.0,172.0,1191.0,35.0,191.0,1021.0,39.0,204.0
Madhya Pradesh,Umaria,79.0,16.0,48.0,57.0,18.0,12.0,64.0,20.0,44.0,133.0,19.0,46.0,129.0,19.0,31.0
Madhya Pradesh,Vidisha,529.0,39.0,136.0,478.0,40.0,113.0,473.0,31.0,126.0,316.0,41.0,112.0,372.0,39.0,105.0
Maharashtra,Ahmednagar,1791.0,86.0,239.0,2203.0,77.0,252.0,2938.0,77.0,491.0,4043.0,94.0,451.0,4347.0,105.0,379.0
Maharashtra,Akola,604.0,38.0,185.0,573.0,33.0,272.0,592.0,36.0,254.0,789.0,37.0,246.0,835.0,42.0,287.0
Maharashtra,Amravati Commr,,,,,,,,,,,,,1207.0,27.0,148.0
Maharashtra,Amravati Commr.,773.0,15.0,170.0,874.0,26.0,183.0,873.0,26.0,108.0,1184.0,32.0,121.0,,,
Maharashtra,Amravati Rural,977.0,46.0,175.0,870.0,50.0,154.0,870.0,45.0,184.0,1028.0,55.0,198.0,1019.0,53.0,235.0
Maharashtra,Aurangabad Commr.,1558.0,32.0,227.0,1345.0,36.0,226.0,1485.0,35.0,233.0,1418.0,43.0,253.0,,,
Maharashtra,Aurangabad Railway,,,,5158.0,1.0,0.0,4742.0,1.0,0.0,3455.0,4.0,0.0,,,
Maharashtra,Aurangabad Rural,1144.0,43.0,162.0,1002.0,39.0,194.0,958.0,36.0,214.0,1150.0,42.0,310.0,,,
Maharashtra,Beed,763.0,56.0,280.0,688.0,48.0,295.0,690.0,54.0,263.0,1169.0,60.0,621.0,1509.0,64.0,627.0
Maharashtra,Bhandara,375.0,14.0,31.0,383.0,15.0,50.0,449.0,25.0,45.0,586.0,34.0,32.0,658.0,25.0,27.0
Maharashtra,Buldhana,701.0,44.0,145.0,792.0,45.0,164.0,896.0,33.0,187.0,1240.0,50.0,238.0,1228.0,37.0,227.0
Maharashtra,Chandrapur,587.0,32.0,136.0,699.0,30.0,114.0,764.0,33.0,113.0,1005.0,55.0,206.0,879.0,31.0,171.0
Maharashtra,Chhatrapati Sambhajinagar Commr,,,,,,,,,,,,,1525.0,30.0,246.0
Maharashtra,Chhatrapati Sambhajinagar Railway,,,,,,,,,,,,,4400.0,1.0,0.0
Maharashtra,Chhatrapati Sambhajinagar Rural,,,,,,,,,,,,,1023.0,41.0,403.0
Maharashtra,Dharashiv,,,,,,,,,,,,,692.0,30.0,124.0
Maharashtra,Dhule,526.0,41.0,244.0,600.0,26.0,220.0,662.0,27.0,293.0,715.0,39.0,382.0,633.0,36.0,362.0
Maharashtra,Gadchiroli,104.0,37.0,10.0,118.0,40.0,13.0,138.0,39.0,20.0,278.0,39.0,13.0,243.0,35.0,12.0
Maharashtra,Gondia,372.0,28.0,40.0,389.0,25.0,44.0,343.0,37.0,39.0,411.0,20.0,27.0,405.0,28.0,37.0
Maharashtra,Hingoli,212.0,30.0,63.0,236.0,27.0,88.0,318.0,26.0,144.0,356.0,25.0,187.0,391.0,28.0,152.0
Maharashtra,Jalgaon,984.0,53.0,227.0,1177.0,65.0,214.0,1249.0,61.0,265.0,2057.0,73.0,574.0,2053.0,66.0,480.0
Maharashtra,Jalna,670.0,44.0,215.0,823.0,43.0,275.0,982.0,38.0,396.0,1460.0,51.0,503.0,1488.0,51.0,432.0
Maharashtra,Kolhapur,958.0,43.0,96.0,1092.0,56.0,98.0,1015.0,49.0,139.0,1779.0,51.0,244.0,2048.0,52.0,176.0
Maharashtra,Latur,566.0,44.0,187.0,597.0,36.0,157.0,616.0,58.0,210.0,840.0,39.0,393.0,905.0,43.0,407.0
Maharashtra,Mira Bhayandar Vasai Virar Commr,,,,,,,,,,,,,1601.0,37.0,300.0
Maharashtra,Mira Bhayandar Vasai Virar Commr.,,,,,,,,,,2057.0,38.0,303.0,,,
Maharashtra,Mumbai Commr,,,,,,,,,,,,,9361.0,124.0,919.0
Maharashtra,Mumbai Commr.,9718.0,127.0,558.0,9468.0,164.0,520.0,8582.0,168.0,699.0,17876.0,135.0,901.0,,,
Maharashtra,Mumbai Railway,24493.0,4.0,0.0,37734.0,8.0,0.0,31586.0,8.0,0.0,12589.0,6.0,0.0,15016.0,8.0,0.0
Maharashtra,Nagpur Commr,,,,,,,,,,,,,3505.0,79.0,282.0
Maharashtra,Nagpur Commr.,3149.0,85.0,212.0,2635.0,72.0,129.0,2406.0,90.0,136.0,2503.0,65.0,235.0,,,
Maharashtra,Nagpur Railway,5860.0,4.0,0.0,3384.0,0.0,0.0,3024.0,3.0,1.0,1160.0,3.0,0.0,1503.0,2.0,0.0
Maharashtra,Nagpur Rural,1126.0,41.0,64.0,1300.0,36.0,30.0,1111.0,46.0,28.0,1451.0,41.0,31.0,1406.0,58.0,45.0
Maharashtra,Nanded,796.0,59.0,204.0,573.0,56.0,243.0,898.0,55.0,314.0,1273.0,82.0,355.0,1293.0,64.0,376.0
Maharashtra,Nandurbar,289.0,35.0,61.0,300.0,28.0,53.0,334.0,29.0,70.0,448.0,32.0,112.0,352.0,21.0,96.0
Maharashtra,Nasik Commr,,,,,,,,,,,,,1398.0,42.0,147.0
Maharashtra,Nasik Commr.,1027.0,41.0,131.0,958.0,35.0,186.0,979.0,24.0,230.0,1105.0,30.0,59.0,,,
Maharashtra,Nasik Rural,1028.0,78.0,243.0,1104.0,80.0,229.0,1154.0,47.0,474.0,1290.0,87.0,646.0,1648.0,79.0,579.0
Maharashtra,Navi Mumbai,1146.0,43.0,119.0,1512.0,52.0,150.0,1624.0,53.0,174.0,1783.0,39.0,226.0,1706.0,37.0,211.0
Maharashtra,Osmanabad,449.0,48.0,73.0,485.0,41.0,71.0,584.0,41.0,73.0,699.0,37.0,129.0,,,
Maharashtra,Palghar,1024.0,74.0,63.0,1443.0,72.0,63.0,1356.0,72.0,99.0,409.0,31.0,26.0,356.0,35.0,32.0
Maharashtra,Parbhani,475.0,34.0,178.0,537.0,40.0,227.0,596.0,31.0,208.0,849.0,49.0,278.0,905.0,28.0,298.0
Maharashtra,Pimpri Chinchwad City,,,,2393.0,72.0,139.0,2204.0,68.0,236.0,2787.0,80.0,317.0,2325.0,69.0,292.0
Maharashtra,Pune Commr,,,,,,,,,,,,,3568.0,101.0,609.0
Maharashtra,Pune Commr.,5466.0,110.0,332.0,3548.0,73.0,268.0,3044.0,74.0,325.0,3257.0,105.0,466.0,,,
Maharashtra,Pune Railway,1504.0,1.0,0.0,2025.0,2.0,0.0,2179.0,4.0,0.0,939.0,2.0,0.0,1238.0,2.0,0.0
Maharashtra,Pune Rural,4333.0,121.0,247.0,3465.0,115.0,214.0,2568.0,100.0,223.0,2764.0,108.0,331.0,2630.0,102.0,226.0
Maharashtra,Raigad,462.0,16.0,39.0,481.0,42.0,26.0,489.0,21.0,30.0,473.0,38.0,52.0,473.0,26.0,41.0
Maharashtra,Ratnagiri,402.0,12.0,13.0,442.0,21.0,10.0,356.0,14.0,15.0,249.0,16.0,8.0,281.0,18.0,10.0
Maharashtra,Sangli,983.0,43.0,92.0,1510.0,70.0,78.0,1463.0,59.0,86.0,1953.0,56.0,174.0,1564.0,69.0,141.0
Maharashtra,Satara,1101.0,47.0,138.0,1258.0,51.0,112.0,1218.0,56.0,170.0,1304.0,40.0,179.0,1287.0,45.0,169.0
Maharashtra,Sindhudurg,190.0,8.0,2.0,242.0,9.0,4.0,226.0,8.0,3.0,161.0,4.0,4.0,182.0,14.0,3.0
Maharashtra,Solapur Commr,,,,,,,,,,,,,585.0,9.0,155.0
Maharashtra,Solapur Commr.,730.0,10.0,79.0,580.0,10.0,95.0,492.0,20.0,91.0,598.0,12.0,133.0,,,
Maharashtra,Solapur Rural,1290.0,68.0,102.0,1757.0,78.0,116.0,2015.0,62.0,151.0,2173.0,57.0,180.0,1830.0,64.0,159.0
Maharashtra,Thane Commr,,,,,,,,,,,,,2903.0,87.0,505.0
Maharashtra,Thane Commr.,3173.0,113.0,242.0,3157.0,108.0,317.0,2693.0,82.0,427.0,3033.0,93.0,480.0,,,
Maharashtra,Thane Rural,857.0,42.0,97.0,1019.0,34.0,127.0,885.0,41.0,113.0,433.0,27.0,51.0,455.0,33.0,46.0
Maharashtra,Wardha,603.0,32.0,54.0,625.0,35.0,36.0,612.0,41.0,45.0,561.0,44.0,63.0,675.0,27.0,53.0
Maharashtra,Washim,340.0,27.0,132.0,369.0,22.0,118.0,337.0,31.0,168.0,504.0,17.0,234.0,474.0,25.0,250.0
Maharashtra,Yavatmal,1077.0,54.0,277.0,932.0,55.0,288.0,922.0,58.0,243.0,1284.0,78.0,395.0,1251.0,78.0,350.0
Manipur,Bishnupur,62.0,8.0,2.0,29.0,3.0,0.0,22.0,3.0,0.0,49.0,3.0,0.0,555.0,24.0,1.0
Manipur,CID,5.0,0.0,0.0,2.0,0.0,0.0,0.0,0.0,0.0,0.0,0.0,0.0,0.0,1.0,0.0
Manipur,Chandel,9.0,7.0,0.0,5.0,4.0,0.0,2.0,1.0,0.0,13.0,2.0,0.0,17.0,0.0,0.0
Manipur,Churachandpur,13.0,7.0,0.0,12.0,5.0,0.0,28.0,4.0,0.0,62.0,9.0,1.0,325.0,18.0,0.0
Manipur,Imphal East,224.0,8.0,6.0,291.0,4.0,1.0,271.0,7.0,3.0,309.0,8.0,0.0,416.0,37.0,1.0
Manipur,Imphal West,332.0,12.0,7.0,393.0,13.0,9.0,431.0,14.0,4.0,649.0,5.0,7.0,760.0,21.0,0.0
Manipur,Jiribam,,,,,,,6.0,2.0,1.0,6.0,1.0,0.0,7.0,1.0,0.0
Manipur,Kakching,,,,,,,15.0,1.0,2.0,49.0,3.0,0.0,94.0,14.0,0.0
Manipur,Kamjong,,,,,,,0.0,0.0,0.0,1.0,0.0,0.0,1.0,1.0,0.0
Manipur,Kangpokpi,,,,,,,8.0,3.0,0.0,10.0,3.0,0.0,54.0,18.0,0.0
Manipur,Narcotic,,,,,,,0.0,0.0,0.0,0.0,0.0,0.0,0.0,0.0,0.0
Manipur,Noney,,,,,,,1.0,5.0,0.0,1.0,1.0,0.0,4.0,3.0,0.0
Manipur,Pherzawl,,,,,,,0.0,1.0,0.0,0.0,0.0,0.0,6.0,0.0,0.0
Manipur,Senapati,9.0,6.0,0.0,5.0,3.0,0.0,2.0,2.0,0.0,2.0,1.0,0.0,2.0,1.0,0.0
Manipur,Tamenglong,5.0,3.0,0.0,2.0,7.0,0.0,2.0,2.0,0.0,2.0,0.0,0.0,1.0,0.0,0.0
Manipur,Tengnoupal,,,,,,,2.0,3.0,1.0,6.0,1.0,0.0,50.0,4.0,0.0
Manipur,Thoubal,118.0,3.0,4.0,156.0,9.0,3.0,80.0,5.0,4.0,105.0,8.0,1.0,99.0,6.0,5.0
Manipur,Ukhrul,8.0,9.0,0.0,4.0,4.0,1.0,7.0,3.0,0.0,4.0,2.0,1.0,3.0,2.0,0.0
Meghalaya,Cyber Cell,,,,0.0,0.0,0.0,0.0,0.0,0.0,0.0,0.0,0.0,0.0,0.0,0.0
Meghalaya,Garo Hills East,34.0,6.0,0.0,27.0,7.0,0.0,24.0,2.0,1.0,29.0,0.0,2.0,40.0,2.0,1.0
Meghalaya,Garo Hills North,4.0,3.0,0.0,26.0,2.0,1.0,25.0,6.0,1.0,26.0,0.0,0.0,26.0,1.0,0.0
Meghalaya,Garo Hills South,5.0,2.0,0.0,9.0,3.0,2.0,11.0,1.0,4.0,7.0,7.0,1.0,14.0,0.0,0.0
Meghalaya,Garo Hills South West,55.0,5.0,2.0,26.0,7.0,0.0,25.0,1.0,0.0,38.0,3.0,1.0,35.0,5.0,0.0
Meghalaya,Garo Hills West,138.0,9.0,7.0,68.0,10.0,5.0,66.0,8.0,6.0,132.0,7.0,13.0,110.0,10.0,0.0
Meghalaya,Jaintia Hills East,47.0,9.0,0.0,27.0,10.0,0.0,34.0,14.0,1.0,45.0,9.0,3.0,30.0,9.0,1.0
Meghalaya,Jaintia Hills West,59.0,15.0,0.0,46.0,15.0,2.0,70.0,10.0,0.0,51.0,13.0,0.0,36.0,7.0,2.0
Meghalaya,Khasi Hills East,424.0,18.0,9.0,327.0,20.0,6.0,355.0,14.0,7.0,410.0,14.0,5.0,456.0,14.0,9.0
Meghalaya,Khasi Hills Eastern West,,,,,,,,,,13.0,2.0,0.0,11.0,0.0,0.0
Meghalaya,Khasi Hills South West,9.0,1.0,0.0,10.0,5.0,0.0,10.0,2.0,1.0,13.0,2.0,0.0,17.0,1.0,0.0
Meghalaya,Khasi Hills West,25.0,10.0,2.0,28.0,7.0,2.0,28.0,1.0,1.0,24.0,5.0,0.0,35.0,4.0,1.0
Meghalaya,Ri-Bhoi,76.0,9.0,0.0,77.0,9.0,0.0,104.0,9.0,1.0,137.0,10.0,3.0,122.0,9.0,0.0
Mizoram,Aizawl,498.0,8.0,10.0,334.0,7.0,3.0,730.0,8.0,0.0,1028.0,14.0,3.0,756.0,10.0,1.0
Mizoram,Champhai,45.0,2.0,2.0,38.0,5.0,1.0,12.0,2.0,2.0,23.0,2.0,0.0,45.0,1.0,1.0
Mizoram,Crime and EOU,,,,,,,,,,,,,1.0,0.0,0.0
Mizoram,Cyber,,,,,,,,,,0.0,0.0,0.0,0.0,0.0,0.0
Mizoram,Hnahthial,,,,,,,,,,9.0,0.0,0.0,14.0,1.0,0.0
Mizoram,Khawzawl,,,,,,,,,,17.0,2.0,0.0,14.0,0.0,0.0
Mizoram,Kolasib,159.0,1.0,2.0,174.0,2.0,1.0,143.0,4.0,2.0,128.0,5.0,1.0,93.0,1.0,0.0
Mizoram,Lawngtlai,17.0,0.0,0.0,0.0,4.0,0.0,16.0,2.0,0.0,30.0,3.0,0.0,23.0,3.0,0.0
Mizoram,Lunglei,90.0,3.0,2.0,77.0,1.0,1.0,77.0,0.0,0.0,70.0,2.0,0.0,50.0,1.0,2.0
Mizoram,Mamit,52.0,4.0,2.0,44.0,5.0,0.0,36.0,4.0,1.0,59.0,1.0,0.0,42.0,2.0,1.0
Mizoram,Saiha,54.0,1.0,1.0,32.0,2.0,0.0,23.0,2.0,0.0,34.0,0.0,0.0,40.0,3.0,0.0
Mizoram,Saitual,,,,,,,,,,2.0,1.0,0.0,3.0,0.0,0.0
Mizoram,Serchhip,16.0,2.0,1.0,22.0,1.0,0.0,20.0,0.0,0.0,56.0,1.0,0.0,86.0,2.0,0.0
Mizoram,Spl Narcotic,0.0,0.0,0.0,0.0,0.0,0.0,0.0,0.0,0.0,0.0,0.0,0.0,0.0,0.0,0.0
Nagaland,Crime,,,,,,,,,,,,,0.0,1.0,0.0
Nagaland,Cyber Security,,,,,,,,,,,,,0.0,0.0,0.0
Nagaland,Dimapur,242.0,17.0,3.0,269.0,17.0,0.0,254.0,8.0,0.0,,,,303.0,6.0,1.0
Nagaland,Kiphire,8.0,1.0,0.0,8.0,0.0,0.0,2.0,0.0,0.0,,,,2.0,0.0,0.0
Nagaland,Kohima,49.0,8.0,0.0,46.0,3.0,0.0,26.0,4.0,0.0,,,,37.0,2.0,0.0
Nagaland,Longleng,0.0,0.0,0.0,4.0,0.0,0.0,11.0,0.0,0.0,,,,18.0,0.0,0.0
Nagaland,Mokokchung,9.0,3.0,0.0,8.0,3.0,1.0,15.0,6.0,0.0,,,,2.0,3.0,0.0
Nagaland,Mon,29.0,3.0,0.0,21.0,1.0,1.0,34.0,3.0,0.0,,,,14.0,2.0,1.0
Nagaland,Narcotics,,,,,,,,,,,,,0.0,0.0,0.0
Nagaland,Noklak,,,,,,,,,,,,,0.0,0.0,0.0
Nagaland,Peren,9.0,1.0,0.0,12.0,3.0,0.0,8.0,2.0,0.0,,,,4.0,1.0,0.0
Nagaland,Phek,5.0,0.0,0.0,0.0,0.0,0.0,4.0,0.0,0.0,,,,9.0,1.0,0.0
Nagaland,Shamator,,,,,,,,,,,,,0.0,0.0,0.0
Nagaland,Tseminyu,,,,,,,,,,,,,3.0,1.0,0.0
Nagaland,Tuensang,7.0,0.0,0.0,14.0,1.0,0.0,8.0,0.0,0.0,,,,8.0,1.0,0.0
Nagaland,Wokha,18.0,2.0,0.0,27.0,0.0,0.0,11.0,1.0,0.0,,,,20.0,0.0,0.0
Nagaland,Zunheboto,10.0,1.0,0.0,10.0,3.0,1.0,5.0,1.0,0.0,,,,10.0,1.0,0.0
Nagaland #,# Clarifications are pending,,,,,,,,,,,,,,,
Nagaland #,Dimapur,,,,,,,,,,317.0,12.0,1.0,,,
Nagaland #,Kiphire,,,,,,,,,,6.0,0.0,0.0,,,
Nagaland #,Kohima,,,,,,,,,,38.0,3.0,1.0,,,
Nagaland #,Longleng,,,,,,,,,,16.0,1.0,1.0,,,
Nagaland #,Mokokchung,,,,,,,,,,7.0,2.0,0.0,,,
Nagaland #,Mon,,,,,,,,,,34.0,0.0,0.0,,,
Nagaland #,Peren,,,,,,,,,,7.0,2.0,0.0,,,
Nagaland #,Phek,,,,,,,,,,9.0,1.0,0.0,,,
Nagaland #,Tuensang,,,,,,,,,,7.0,0.0,0.0,,,
Nagaland #,Wokha,,,,,,,,,,12.0,0.0,0.0,,,
Nagaland #,Zunheboto,,,,,,,,,,12.0,0.0,0.0,,,
Odisha,Angul,396.0,43.0,68.0,425.0,52.0,114.0,413.0,31.0,126.0,670.0,38.0,575.0,504.0,43.0,321.0
Odisha,Balasore,354.0,45.0,95.0,327.0,76.0,99.0,402.0,70.0,140.0,562.0,60.0,107.0,984.0,66.0,193.0
Odisha,Baragarh,238.0,29.0,36.0,229.0,51.0,35.0,255.0,41.0,58.0,338.0,43.0,112.0,378.0,43.0,71.0
Odisha,Berhampur,191.0,15.0,29.0,157.0,20.0,18.0,166.0,16.0,54.0,361.0,25.0,274.0,545.0,29.0,224.0
Odisha,Bhadrak,188.0,33.0,48.0,282.0,48.0,57.0,320.0,43.0,99.0,516.0,56.0,76.0,633.0,54.0,144.0
Odisha,Bolangir,145.0,34.0,59.0,213.0,50.0,57.0,404.0,36.0,99.0,511.0,38.0,99.0,443.0,43.0,146.0
Odisha,Boudh,48.0,13.0,51.0,32.0,18.0,16.0,69.0,13.0,24.0,81.0,13.0,35.0,106.0,25.0,28.0
Odisha,CID CB,0.0,0.0,0.0,7.0,0.0,0.0,0.0,0.0,0.0,8.0,1.0,0.0,16.0,0.0,0.0
Odisha,Cuttack,157.0,29.0,41.0,202.0,47.0,36.0,251.0,50.0,66.0,282.0,67.0,65.0,295.0,72.0,127.0
Odisha,DCP BBSR,1576.0,29.0,119.0,1555.0,43.0,120.0,1905.0,39.0,120.0,1754.0,47.0,25.0,1943.0,52.0,24.0
Odisha,DCP CTC,579.0,24.0,176.0,587.0,29.0,52.0,643.0,30.0,108.0,695.0,25.0,145.0,704.0,26.0,161.0
Odisha,Deogarh,56.0,13.0,27.0,60.0,13.0,14.0,37.0,13.0,24.0,103.0,18.0,207.0,86.0,13.0,104.0
Odisha,Dhenkanal,169.0,31.0,42.0,155.0,45.0,41.0,215.0,30.0,61.0,286.0,44.0,119.0,431.0,28.0,170.0
Odisha,Gajapati,23.0,19.0,38.0,38.0,9.0,36.0,38.0,12.0,9.0,78.0,13.0,22.0,66.0,10.0,38.0
Odisha,Ganjam,185.0,72.0,0.0,170.0,74.0,78.0,197.0,80.0,115.0,399.0,57.0,942.0,597.0,85.0,888.0
Odisha,Jagatsinghpur,112.0,25.0,62.0,96.0,35.0,35.0,136.0,44.0,167.0,317.0,31.0,130.0,346.0,30.0,99.0
Odisha,Jajpur,365.0,71.0,61.0,302.0,66.0,64.0,378.0,71.0,117.0,523.0,61.0,200.0,591.0,50.0,274.0
Odisha,Jharsuguda,295.0,24.0,14.0,238.0,31.0,24.0,190.0,24.0,45.0,285.0,19.0,92.0,335.0,22.0,48.0
Odisha,Kalahandi,97.0,47.0,75.0,125.0,41.0,39.0,159.0,47.0,95.0,278.0,36.0,197.0,295.0,34.0,212.0
Odisha,Kandhamal,90.0,43.0,108.0,94.0,24.0,55.0,100.0,25.0,55.0,130.0,26.0,85.0,193.0,46.0,101.0
Odisha,Kendrapara,101.0,39.0,206.0,103.0,46.0,243.0,147.0,57.0,82.0,261.0,55.0,184.0,388.0,43.0,230.0
Odisha,Keonjhar,265.0,56.0,198.0,273.0,75.0,53.0,290.0,74.0,92.0,428.0,80.0,87.0,571.0,71.0,216.0
Odisha,Khurda,146.0,42.0,26.0,161.0,32.0,37.0,185.0,35.0,48.0,611.0,27.0,102.0,691.0,33.0,147.0
Odisha,Koraput,203.0,55.0,88.0,154.0,34.0,77.0,190.0,40.0,122.0,251.0,46.0,72.0,240.0,53.0,204.0
Odisha,Malkangiri,50.0,29.0,42.0,34.0,25.0,36.0,79.0,35.0,62.0,152.0,36.0,133.0,112.0,31.0,153.0
Odisha,Mayurbhanj,162.0,77.0,267.0,177.0,77.0,73.0,274.0,86.0,162.0,721.0,99.0,336.0,939.0,77.0,421.0
Odisha,Nabarangpur,60.0,29.0,61.0,42.0,33.0,81.0,55.0,29.0,56.0,158.0,23.0,157.0,148.0,38.0,102.0
Odisha,Nayagarh,111.0,30.0,46.0,102.0,36.0,35.0,136.0,48.0,35.0,172.0,43.0,58.0,162.0,26.0,86.0
Odisha,Nuapada,73.0,14.0,44.0,92.0,10.0,29.0,112.0,13.0,44.0,145.0,11.0,34.0,91.0,13.0,47.0
Odisha,Puri,423.0,61.0,57.0,441.0,59.0,54.0,459.0,47.0,113.0,711.0,53.0,123.0,702.0,54.0,135.0
Odisha,Rayagada,102.0,39.0,117.0,93.0,26.0,65.0,145.0,29.0,61.0,174.0,27.0,73.0,172.0,26.0,66.0
Odisha,Rourkela,481.0,50.0,70.0,425.0,46.0,58.0,416.0,36.0,58.0,433.0,44.0,87.0,563.0,37.0,106.0
Odisha,SRP(Cuttack),560.0,2.0,0.0,484.0,2.0,0.0,693.0,3.0,0.0,802.0,9.0,0.0,914.0,4.0,0.0
Odisha,SRP(Rourkela),386.0,2.0,0.0,388.0,6.0,0.0,473.0,5.0,2.0,409.0,6.0,0.0,540.0,3.0,0.0
Odisha,Sambalpur,410.0,38.0,68.0,483.0,37.0,63.0,494.0,41.0,115.0,738.0,48.0,190.0,607.0,40.0,143.0
Odisha,Sonepur,63.0,16.0,16.0,82.0,9.0,11.0,141.0,18.0,17.0,152.0,15.0,27.0,132.0,10.0,20.0
Odisha,Sundargarh,223.0,49.0,70.0,241.0,53.0,79.0,199.0,45.0,88.0,398.0,39.0,152.0,388.0,32.0,85.0
Puducherry,Karaikal,59.0,3.0,3.0,0.0,0.0,0.0,0.0,0.0,0.0,0.0,0.0,0.0,46.0,1.0,1.0
Puducherry,Puducherry,593.0,22.0,2.0,622.0,29.0,8.0,484.0,29.0,8.0,505.0,30.0,9.0,356.0,27.0,8.0
Punjab,Amritsar Rural,169.0,42.0,34.0,126.0,44.0,29.0,148.0,41.0,60.0,263.0,51.0,32.0,350.0,51.0,43.0
Punjab,Barnala,123.0,18.0,17.0,140.0,15.0,28.0,122.0,10.0,17.0,184.0,11.0,17.0,144.0,17.0,14.0
Punjab,Batala,111.0,20.0,32.0,118.0,20.0,32.0,97.0,26.0,38.0,253.0,23.0,42.0,190.0,25.0,24.0
Punjab,Bathinda,286.0,41.0,63.0,317.0,39.0,75.0,305.0,39.0,79.0,430.0,36.0,86.0,358.0,42.0,71.0
Punjab,Bureau of Investigation,0.0,1.0,0.0,0.0,1.0,0.0,0.0,0.0,0.0,0.0,0.0,0.0,0.0,0.0,0.0
Punjab,CP Amritsar,901.0,21.0,58.0,732.0,23.0,80.0,1004.0,18.0,48.0,1063.0,33.0,58.0,988.0,19.0,100.0
Punjab,CP Jalandhar,475.0,15.0,75.0,692.0,18.0,78.0,303.0,10.0,142.0,588.0,13.0,124.0,559.0,18.0,119.0
Punjab,CP Ludhiana,1178.0,59.0,116.0,1335.0,53.0,167.0,1508.0,56.0,143.0,1182.0,58.0,224.0,1060.0,56.0,124.0
Punjab,Cyber Crime Wing,,,,,,,,,,,,,0.0,0.0,0.0
Punjab,Faridkot,81.0,12.0,26.0,81.0,15.0,23.0,122.0,21.0,25.0,161.0,16.0,9.0,158.0,15.0,15.0
Punjab,Fatehgarh Sahib,85.0,15.0,29.0,73.0,11.0,41.0,94.0,5.0,39.0,125.0,15.0,44.0,80.0,20.0,47.0
Punjab,Fazilka,68.0,21.0,15.0,83.0,32.0,18.0,105.0,26.0,16.0,139.0,21.0,45.0,138.0,16.0,62.0
Punjab,Ferozepur,183.0,27.0,20.0,221.0,34.0,29.0,204.0,29.0,24.0,163.0,23.0,25.0,144.0,27.0,33.0
Punjab,GRP,485.0,12.0,1.0,289.0,12.0,0.0,452.0,7.0,0.0,299.0,8.0,0.0,201.0,4.0,0.0
Punjab,Gurdaspur,86.0,11.0,27.0,78.0,15.0,50.0,68.0,15.0,58.0,79.0,11.0,67.0,94.0,4.0,55.0
Punjab,Hoshiarpur,231.0,27.0,78.0,208.0,29.0,50.0,241.0,29.0,98.0,332.0,29.0,109.0,281.0,22.0,115.0
Punjab,Intelligence Wing,0.0,0.0,0.0,0.0,0.0,0.0,0.0,0.0,0.0,0.0,0.0,0.0,0.0,0.0,0.0
Punjab,Jalandhar Rural,188.0,18.0,66.0,116.0,27.0,52.0,167.0,21.0,25.0,304.0,32.0,61.0,278.0,32.0,57.0
Punjab,Kapurthala,154.0,18.0,32.0,189.0,17.0,57.0,296.0,24.0,33.0,111.0,16.0,37.0,146.0,18.0,30.0
Punjab,Khanna,146.0,24.0,15.0,106.0,15.0,18.0,100.0,17.0,32.0,194.0,24.0,34.0,171.0,15.0,19.0
Punjab,Ludhiana Rural,123.0,20.0,15.0,120.0,15.0,20.0,102.0,18.0,28.0,158.0,16.0,30.0,53.0,18.0,18.0
Punjab,Malerkotla,,,,,,,,,,96.0,5.0,39.0,41.0,8.0,36.0
Punjab,Mansa,82.0,24.0,27.0,102.0,21.0,30.0,80.0,25.0,17.0,153.0,28.0,26.0,113.0,15.0,28.0
Punjab,Moga,172.0,20.0,37.0,150.0,24.0,40.0,188.0,23.0,36.0,148.0,28.0,23.0,136.0,19.0,32.0
Punjab,Muktsar,159.0,23.0,17.0,151.0,35.0,15.0,184.0,20.0,34.0,147.0,32.0,16.0,77.0,27.0,5.0
Punjab,NRI Wing,3.0,0.0,62.0,4.0,0.0,79.0,0.0,0.0,128.0,1.0,0.0,47.0,3.0,0.0,40.0
Punjab,Pathankot,96.0,10.0,18.0,61.0,6.0,21.0,63.0,8.0,38.0,81.0,7.0,38.0,56.0,7.0,14.0
Punjab,Patiala,331.0,50.0,91.0,507.0,56.0,143.0,438.0,50.0,153.0,496.0,42.0,144.0,407.0,47.0,157.0
Punjab,Ropar,90.0,12.0,22.0,117.0,10.0,50.0,80.0,15.0,48.0,107.0,10.0,20.0,90.0,20.0,43.0
Punjab,SAS Nagar,435.0,22.0,88.0,480.0,30.0,89.0,489.0,33.0,86.0,643.0,22.0,130.0,648.0,42.0,125.0
Punjab,SBS Nagar,119.0,8.0,54.0,100.0,10.0,32.0,105.0,13.0,35.0,95.0,9.0,45.0,107.0,14.0,29.0
Punjab,Sangrur,220.0,32.0,45.0,248.0,32.0,76.0,346.0,44.0,75.0,293.0,19.0,41.0,249.0,30.0,48.0
Punjab,Special Task Force,0.0,0.0,0.0,0.0,0.0,0.0,0.0,0.0,0.0,0.0,0.0,0.0,0.0,0.0,0.0
Punjab,Tarn Taran,149.0,36.0,19.0,121.0,25.0,48.0,151.0,36.0,40.0,204.0,32.0,27.0,239.0,33.0,29.0
Rajasthan,ATS & SOG,,,,,,,,,,,,,0.0,0.0,0.0
Rajasthan,Ajmer,867.0,49.0,672.0,806.0,60.0,704.0,1194.0,54.0,971.0,1626.0,60.0,1028.0,912.0,28.0,464.0
Rajasthan,Alwar,2633.0,121.0,706.0,2620.0,109.0,763.0,1938.0,54.0,685.0,2172.0,73.0,770.0,2084.0,65.0,660.0
Rajasthan,Anupgarh,,,,,,,,,,,,,153.0,20.0,395.0
Rajasthan,Balotra,,,,,,,,,,,,,288.0,24.0,123.0
Rajasthan,Banswara,158.0,40.0,155.0,184.0,42.0,114.0,368.0,33.0,308.0,322.0,47.0,195.0,257.0,42.0,192.0
Rajasthan,Baran,397.0,38.0,302.0,395.0,30.0,341.0,585.0,33.0,471.0,446.0,43.0,366.0,382.0,53.0,409.0
Rajasthan,Barmer,364.0,35.0,208.0,369.0,28.0,181.0,530.0,40.0,402.0,664.0,44.0,385.0,353.0,32.0,189.0
Rajasthan,Beawar,,,,,,,,,,,,,443.0,25.0,426.0
Rajasthan,Bharatpur,1367.0,88.0,524.0,1456.0,85.0,553.0,1767.0,86.0,835.0,1814.0,88.0,994.0,1590.0,55.0,445.0
Rajasthan,Bhilwara,870.0,40.0,522.0,870.0,39.0,514.0,887.0,40.0,777.0,1040.0,39.0,877.0,1105.0,33.0,477.0
Rajasthan,Bhiwadi,,,,,,,1576.0,61.0,434.0,1764.0,58.0,449.0,661.0,22.0,136.0
Rajasthan,Bikaner,329.0,43.0,384.0,287.0,41.0,353.0,475.0,54.0,607.0,619.0,59.0,554.0,757.0,80.0,676.0
Rajasthan,Bundi,287.0,19.0,230.0,246.0,20.0,271.0,381.0,15.0,390.0,346.0,23.0,311.0,337.0,15.0,312.0
Rajasthan,Chittorgarh,766.0,27.0,433.0,759.0,32.0,388.0,873.0,31.0,574.0,809.0,40.0,532.0,746.0,33.0,510.0
Rajasthan,Churu,260.0,39.0,272.0,209.0,37.0,417.0,323.0,38.0,464.0,358.0,35.0,484.0,279.0,47.0,468.0
Rajasthan,Dausa,660.0,31.0,183.0,638.0,35.0,190.0,926.0,34.0,316.0,960.0,46.0,339.0,837.0,35.0,346.0
Rajasthan,Deeg,,,,,,,,,,,,,510.0,34.0,371.0
Rajasthan,Dholpur,453.0,50.0,214.0,423.0,50.0,231.0,506.0,65.0,310.0,690.0,48.0,375.0,569.0,46.0,395.0
Rajasthan,Didwana-Kuchaman,,,,,,,,,,,,,417.0,20.0,341.0
Rajasthan,Dudu,,,,,,,,,,,,,167.0,5.0,62.0
Rajasthan,Dungarpur,102.0,32.0,93.0,133.0,39.0,85.0,145.0,29.0,135.0,130.0,44.0,154.0,124.0,41.0,144.0
Rajasthan,GRP Ajmer,1071.0,1.0,0.0,1039.0,5.0,0.0,1267.0,5.0,0.0,1083.0,2.0,0.0,1444.0,4.0,0.0
Rajasthan,GRP Jodhpur,148.0,0.0,0.0,160.0,1.0,0.0,255.0,1.0,0.0,288.0,3.0,0.0,350.0,1.0,0.0
Rajasthan,Ganganagar,333.0,64.0,549.0,366.0,56.0,631.0,488.0,67.0,914.0,665.0,67.0,877.0,529.0,46.0,494.0
Rajasthan,Gangapur City,,,,,,,,,,,,,672.0,34.0,144.0
Rajasthan,Hanumangarh,261.0,56.0,379.0,260.0,51.0,473.0,331.0,53.0,746.0,424.0,58.0,755.0,395.0,42.0,691.0
Rajasthan,Jaipur Crime,,,,,,,0.0,0.0,0.0,0.0,0.0,0.0,0.0,0.0,0.0
Rajasthan,Jaipur East,2707.0,33.0,213.0,3253.0,20.0,245.0,4564.0,18.0,374.0,3266.0,46.0,300.0,3776.0,46.0,335.0
Rajasthan,Jaipur Metro,2.0,0.0,0.0,0.0,0.0,0.0,0.0,0.0,0.0,0.0,0.0,0.0,2.0,0.0,0.0
Rajasthan,Jaipur North,740.0,17.0,206.0,847.0,14.0,200.0,1295.0,14.0,325.0,1090.0,12.0,320.0,915.0,17.0,345.0
Rajasthan,Jaipur Rural,697.0,29.0,179.0,729.0,45.0,234.0,1165.0,61.0,405.0,1167.0,56.0,537.0,684.0,27.0,288.0
Rajasthan,Jaipur South,1782.0,18.0,185.0,2296.0,29.0,204.0,3531.0,19.0,302.0,3018.0,23.0,357.0,3111.0,33.0,352.0
Rajasthan,Jaipur West,1536.0,22.0,296.0,1693.0,33.0,344.0,2595.0,42.0,524.0,2093.0,51.0,538.0,2199.0,33.0,595.0
Rajasthan,Jaisalmer,192.0,12.0,56.0,133.0,13.0,36.0,218.0,12.0,71.0,253.0,17.0,63.0,196.0,10.0,63.0
Rajasthan,Jalore,259.0,29.0,119.0,242.0,35.0,200.0,386.0,33.0,212.0,359.0,44.0,223.0,203.0,17.0,133.0
Rajasthan,Jhalawar,518.0,23.0,277.0,469.0,35.0,335.0,659.0,46.0,610.0,672.0,32.0,539.0,647.0,32.0,495.0
Rajasthan,Jhunjhunu,454.0,32.0,361.0,408.0,39.0,332.0,651.0,61.0,472.0,614.0,37.0,540.0,486.0,35.0,413.0
Rajasthan,Jodhpur Crime,,,,,,,,,,,,,0.0,0.0,0.0
Rajasthan,Jodhpur East,465.0,13.0,177.0,512.0,21.0,155.0,850.0,16.0,165.0,761.0,12.0,237.0,549.0,14.0,195.0
Rajasthan,Jodhpur Rural,305.0,39.0,146.0,297.0,29.0,117.0,418.0,34.0,218.0,573.0,31.0,235.0,295.0,26.0,157.0
Rajasthan,Jodhpur West,604.0,19.0,195.0,708.0,24.0,238.0,1136.0,20.0,267.0,1115.0,20.0,247.0,1192.0,19.0,260.0
Rajasthan,Karauli,541.0,38.0,142.0,572.0,38.0,148.0,632.0,40.0,356.0,630.0,43.0,334.0,905.0,29.0,219.0
Rajasthan,Kekri,,,,,,,,,,,,,163.0,20.0,241.0
Rajasthan,Khairtal-Tijara,,,,,,,,,,,,,413.0,19.0,176.0
Rajasthan,Kota City,1141.0,26.0,329.0,1137.0,23.0,420.0,1597.0,30.0,471.0,1341.0,27.0,435.0,1555.0,30.0,410.0
Rajasthan,Kota Rural,171.0,14.0,163.0,153.0,25.0,205.0,317.0,14.0,249.0,378.0,24.0,215.0,321.0,16.0,210.0
Rajasthan,Kotputli-Behror,,,,,,,,,,,,,807.0,37.0,304.0
Rajasthan,Nagaur,577.0,52.0,452.0,533.0,45.0,438.0,577.0,67.0,625.0,1072.0,58.0,595.0,597.0,42.0,329.0
Rajasthan,Neem Ka Thana,,,,,,,,,,,,,453.0,31.0,316.0
Rajasthan,Pali,454.0,47.0,412.0,440.0,53.0,380.0,697.0,49.0,613.0,682.0,55.0,720.0,569.0,44.0,501.0
Rajasthan,Phalodi,,,,,,,,,,,,,204.0,18.0,71.0
Rajasthan,Pratapgarh,97.0,29.0,184.0,108.0,24.0,152.0,169.0,29.0,276.0,245.0,40.0,248.0,177.0,23.0,212.0
Rajasthan,Rajsamand,163.0,22.0,199.0,250.0,17.0,209.0,517.0,35.0,375.0,421.0,37.0,311.0,368.0,23.0,291.0
Rajasthan,SCRB,0.0,0.0,0.0,0.0,0.0,0.0,0.0,0.0,0.0,0.0,0.0,0.0,0.0,0.0,0.0
Rajasthan,SOG,0.0,0.0,0.0,0.0,0.0,0.0,0.0,0.0,0.0,0.0,0.0,0.0,,,
Rajasthan,SSB,0.0,0.0,0.0,0.0,0.0,0.0,0.0,0.0,0.0,0.0,0.0,0.0,0.0,0.0,0.0
Rajasthan,Salumbar,,,,,,,,,,,,,110.0,15.0,68.0
Rajasthan,Sanchore,,,,,,,,,,,,,162.0,22.0,86.0
Rajasthan,Sawai Madhopur,634.0,21.0,207.0,642.0,34.0,241.0,849.0,28.0,319.0,728.0,35.0,326.0,650.0,17.0,166.0
Rajasthan,Shahpura,,,,,,,,,,,,,188.0,16.0,226.0
Rajasthan,Sikar,856.0,49.0,359.0,873.0,46.0,426.0,1244.0,64.0,678.0,1397.0,61.0,732.0,894.0,44.0,498.0
Rajasthan,Sirohi,219.0,24.0,125.0,191.0,32.0,116.0,263.0,33.0,265.0,388.0,44.0,255.0,356.0,37.0,223.0
Rajasthan,Tonk,297.0,18.0,282.0,298.0,17.0,288.0,549.0,21.0,305.0,549.0,38.0,327.0,515.0,37.0,356.0
Rajasthan,Udaipur,836.0,74.0,418.0,871.0,57.0,378.0,1121.0,80.0,616.0,1332.0,114.0,768.0,1393.0,93.0,629.0
Sikkim,CID,,,,,,,,,,,,,0.0,0.0,0.0
Sikkim,East,68.0,6.0,3.0,21.0,5.0,1.0,23.0,10.0,1.0,,,,,,
Sikkim,Gangtok (East),,,,,,,,,,16.0,2.0,1.0,27.0,7.0,0.0
Sikkim,Gyalshing (West),,,,,,,,,,1.0,3.0,0.0,3.0,1.0,0.0
Sikkim,Mangan (North),,,,,,,,,,0.0,1.0,0.0,0.0,0.0,0.0
Sikkim,Namchi (South),,,,,,,,,,7.0,1.0,1.0,10.0,2.0,0.0
Sikkim,North,2.0,1.0,0.0,0.0,0.0,0.0,2.0,1.0,0.0,,,,,,
Sikkim,Pakyong (East),,,,,,,,,,3.0,1.0,0.0,5.0,0.0,1.0
Sikkim,Soreng (West),,,,,,,,,,1.0,1.0,0.0,1.0,2.0,0.0
Sikkim,South,9.0,3.0,0.0,10.0,4.0,0.0,7.0,4.0,0.0,,,,,,
Sikkim,West,0.0,3.0,2.0,2.0,3.0,0.0,0.0,2.0,0.0,,,,,,
Tamil Nadu,Ariyalur,22.0,20.0,6.0,54.0,17.0,3.0,64.0,22.0,6.0,119.0,19.0,9.0,83.0,16.0,8.0
Tamil Nadu,Avadi,,,,,,,,,,816.0,63.0,18.0,570.0,57.0,28.0
Tamil Nadu,Chengalpattu,,,,,,,,,,155.0,32.0,2.0,104.0,31.0,8.0
Tamil Nadu,Chennai,4158.0,154.0,123.0,3891.0,172.0,116.0,3618.0,172.0,116.0,3230.0,101.0,106.0,3333.0,105.0,86.0
Tamil Nadu,Coimbatore,207.0,47.0,28.0,281.0,36.0,13.0,321.0,49.0,28.0,273.0,39.0,19.0,281.0,52.0,14.0
Tamil Nadu,Coimbatore City,449.0,21.0,30.0,539.0,31.0,19.0,498.0,39.0,18.0,1103.0,31.0,35.0,1149.0,22.0,36.0
Tamil Nadu,Cuddalore,235.0,48.0,33.0,255.0,53.0,23.0,184.0,48.0,39.0,286.0,43.0,44.0,226.0,52.0,45.0
Tamil Nadu,Cyber Cell,0.0,0.0,0.0,0.0,0.0,0.0,0.0,0.0,0.0,0.0,0.0,0.0,0.0,0.0,0.0
Tamil Nadu,Dharmapuri,218.0,36.0,9.0,180.0,35.0,4.0,80.0,19.0,8.0,155.0,33.0,11.0,143.0,23.0,21.0
Tamil Nadu,Dindigul,356.0,36.0,52.0,281.0,39.0,32.0,218.0,71.0,46.0,257.0,71.0,58.0,306.0,62.0,46.0
Tamil Nadu,Erode,264.0,35.0,16.0,269.0,22.0,20.0,263.0,35.0,13.0,297.0,25.0,8.0,252.0,37.0,6.0
Tamil Nadu,Kallakurichi,,,,,,,,,,124.0,24.0,18.0,138.0,23.0,21.0
Tamil Nadu,Kanchipuram,437.0,67.0,12.0,331.0,53.0,3.0,231.0,62.0,11.0,99.0,18.0,0.0,100.0,36.0,3.0
Tamil Nadu,Kanyakumari,296.0,26.0,8.0,332.0,38.0,5.0,502.0,31.0,11.0,335.0,36.0,3.0,272.0,31.0,3.0
Tamil Nadu,Karur,136.0,15.0,3.0,131.0,20.0,1.0,109.0,15.0,8.0,134.0,14.0,18.0,108.0,18.0,3.0
Tamil Nadu,Krishnagiri,234.0,47.0,7.0,182.0,52.0,5.0,212.0,44.0,6.0,137.0,53.0,7.0,176.0,59.0,22.0
Tamil Nadu,Madurai,302.0,48.0,165.0,291.0,58.0,39.0,193.0,67.0,35.0,503.0,65.0,38.0,584.0,63.0,36.0
Tamil Nadu,Madurai City,592.0,44.0,75.0,610.0,43.0,102.0,452.0,44.0,66.0,470.0,35.0,85.0,517.0,37.0,88.0
Tamil Nadu,Mayiladuthurai,,,,,,,,,,,,,73.0,10.0,8.0
Tamil Nadu,Nagapattinam,205.0,32.0,8.0,242.0,27.0,14.0,198.0,39.0,7.0,215.0,41.0,19.0,108.0,15.0,3.0
Tamil Nadu,Namakkal,138.0,40.0,7.0,97.0,40.0,13.0,98.0,40.0,9.0,118.0,29.0,5.0,109.0,35.0,4.0
Tamil Nadu,Nilgiris,58.0,7.0,3.0,48.0,6.0,5.0,48.0,13.0,3.0,67.0,7.0,5.0,35.0,10.0,0.0
Tamil Nadu,Other Units,0.0,0.0,0.0,0.0,0.0,0.0,0.0,0.0,0.0,0.0,0.0,0.0,0.0,0.0,0.0
Tamil Nadu,Perambalur,68.0,6.0,3.0,57.0,13.0,5.0,62.0,12.0,0.0,169.0,14.0,9.0,150.0,12.0,7.0
Tamil Nadu,Pudukottai,91.0,27.0,13.0,111.0,29.0,6.0,136.0,41.0,18.0,329.0,34.0,32.0,256.0,29.0,19.0
Tamil Nadu,Railway Chennai,1395.0,1.0,0.0,3943.0,3.0,1.0,3884.0,9.0,0.0,1628.0,6.0,0.0,1074.0,8.0,0.0
Tamil Nadu,Railway Trichy,368.0,0.0,0.0,700.0,3.0,0.0,518.0,2.0,0.0,513.0,1.0,0.0,466.0,1.0,1.0
Tamil Nadu,Ramnathapuram,161.0,33.0,10.0,143.0,37.0,2.0,150.0,49.0,7.0,267.0,38.0,10.0,222.0,36.0,22.0
Tamil Nadu,Ranipet,,,,,,,,,,87.0,25.0,3.0,113.0,22.0,9.0
Tamil Nadu,Salem,124.0,44.0,12.0,151.0,44.0,5.0,122.0,42.0,5.0,174.0,39.0,14.0,150.0,46.0,3.0
Tamil Nadu,Salem City,164.0,21.0,2.0,200.0,18.0,9.0,234.0,26.0,23.0,275.0,16.0,11.0,252.0,26.0,10.0
Tamil Nadu,Sivagangai,181.0,33.0,45.0,136.0,33.0,32.0,147.0,46.0,27.0,218.0,39.0,36.0,246.0,42.0,22.0
Tamil Nadu,Tambaram,,,,,,,,,,1101.0,62.0,22.0,1550.0,50.0,21.0
Tamil Nadu,Tenkasi,,,,,,,,,,366.0,41.0,14.0,349.0,39.0,12.0
Tamil Nadu,Thanjavur,290.0,65.0,12.0,233.0,63.0,21.0,178.0,64.0,17.0,554.0,68.0,48.0,503.0,51.0,39.0
Tamil Nadu,Theni,213.0,29.0,70.0,179.0,36.0,48.0,154.0,37.0,46.0,179.0,53.0,65.0,284.0,46.0,88.0
Tamil Nadu,Thirunelveli,480.0,75.0,36.0,440.0,61.0,26.0,385.0,58.0,14.0,206.0,46.0,22.0,370.0,47.0,19.0
Tamil Nadu,Thirunelveli City,361.0,13.0,5.0,281.0,13.0,3.0,207.0,16.0,2.0,173.0,18.0,9.0,226.0,17.0,18.0
Tamil Nadu,Thiruvallur,262.0,41.0,13.0,345.0,33.0,11.0,190.0,40.0,11.0,163.0,19.0,22.0,186.0,30.0,22.0
Tamil Nadu,Thiruvannamalai,313.0,54.0,23.0,259.0,39.0,13.0,183.0,41.0,9.0,199.0,42.0,10.0,149.0,35.0,8.0
Tamil Nadu,Thiruvarur,109.0,25.0,7.0,142.0,25.0,18.0,129.0,21.0,16.0,96.0,21.0,13.0,128.0,18.0,23.0
Tamil Nadu,Thoothukudi,465.0,69.0,19.0,317.0,60.0,31.0,207.0,72.0,25.0,301.0,84.0,29.0,304.0,74.0,28.0
Tamil Nadu,Tiruppattur,,,,,,,,,,147.0,22.0,4.0,103.0,19.0,6.0
Tamil Nadu,Tiruppur,96.0,29.0,15.0,102.0,39.0,9.0,103.0,31.0,12.0,315.0,36.0,13.0,262.0,31.0,4.0
Tamil Nadu,Tiruppur City,242.0,20.0,17.0,210.0,25.0,8.0,207.0,29.0,5.0,96.0,23.0,1.0,149.0,24.0,2.0
Tamil Nadu,Trichy,155.0,32.0,9.0,143.0,40.0,20.0,155.0,52.0,31.0,371.0,37.0,70.0,352.0,45.0,46.0
Tamil Nadu,Trichy City,376.0,15.0,9.0,466.0,18.0,45.0,332.0,20.0,26.0,268.0,22.0,19.0,337.0,19.0,25.0
Tamil Nadu,Vellore,540.0,74.0,32.0,411.0,75.0,23.0,277.0,89.0,19.0,156.0,24.0,19.0,202.0,24.0,24.0
Tamil Nadu,Villupuram,470.0,82.0,26.0,421.0,59.0,25.0,285.0,79.0,25.0,269.0,23.0,20.0,456.0,35.0,20.0
Tamil Nadu,Virudhunagar,191.0,49.0,21.0,166.0,61.0,11.0,150.0,59.0,13.0,295.0,58.0,20.0,282.0,61.0,30.0
Telangana,Adilabad,103.0,9.0,151.0,135.0,15.0,129.0,115.0,12.0,108.0,138.0,12.0,149.0,171.0,19.0,145.0
Telangana,Bhadradri Kothagudem,183.0,32.0,238.0,146.0,28.0,91.0,194.0,35.0,278.0,335.0,25.0,378.0,256.0,27.0,427.0
Telangana,Cyberabad Commissionerate,2917.0,77.0,1562.0,2190.0,74.0,818.0,1979.0,107.0,1278.0,2902.0,106.0,1206.0,2586.0,124.0,1142.0
Telangana,Hyderabad Commissionerate,2509.0,64.0,1278.0,2229.0,81.0,1343.0,2511.0,86.0,1568.0,2995.0,79.0,1577.0,3240.0,94.0,1743.0
Telangana,Jagityal,147.0,28.0,142.0,89.0,31.0,108.0,170.0,16.0,159.0,247.0,30.0,262.0,191.0,32.0,340.0
Telangana,Jayashankar Bhupalpalli,71.0,18.0,94.0,82.0,23.0,76.0,51.0,13.0,43.0,47.0,13.0,86.0,55.0,10.0,123.0
Telangana,Jogulamba Gadwal,244.0,7.0,39.0,275.0,10.0,24.0,427.0,13.0,24.0,227.0,20.0,47.0,172.0,11.0,60.0
Telangana,Kamareddy,155.0,23.0,122.0,158.0,24.0,129.0,240.0,26.0,170.0,441.0,40.0,196.0,486.0,37.0,219.0
Telangana,Karimnagar Commissionerate,237.0,19.0,241.0,291.0,15.0,349.0,170.0,17.0,284.0,156.0,24.0,236.0,196.0,21.0,262.0
Telangana,Khammam Commissionerate,352.0,30.0,228.0,293.0,27.0,185.0,297.0,14.0,316.0,385.0,25.0,278.0,335.0,29.0,402.0
Telangana,Kumaram Bheem Asifabad,33.0,15.0,85.0,59.0,16.0,41.0,47.0,18.0,90.0,74.0,14.0,69.0,63.0,23.0,86.0
Telangana,Mahabubabad,100.0,19.0,85.0,104.0,17.0,83.0,78.0,13.0,121.0,112.0,28.0,199.0,109.0,10.0,173.0
Telangana,Mahabubnagar,287.0,27.0,128.0,255.0,21.0,103.0,142.0,20.0,83.0,223.0,21.0,151.0,267.0,27.0,132.0
Telangana,Medak,99.0,25.0,145.0,105.0,18.0,123.0,120.0,18.0,130.0,260.0,32.0,147.0,273.0,37.0,168.0
Telangana,Mulug,,,,,,,24.0,9.0,31.0,105.0,7.0,65.0,26.0,11.0,30.0
Telangana,Nagarkurnool,111.0,23.0,77.0,256.0,13.0,77.0,105.0,18.0,73.0,147.0,26.0,121.0,144.0,31.0,117.0
Telangana,Nalgonda,179.0,39.0,304.0,176.0,33.0,259.0,268.0,46.0,279.0,327.0,35.0,273.0,327.0,30.0,314.0
Telangana,Narayanpet,,,,,,,45.0,10.0,37.0,58.0,10.0,38.0,37.0,9.0,50.0
Telangana,Nirmal,84.0,15.0,148.0,64.0,16.0,53.0,90.0,9.0,87.0,118.0,15.0,113.0,131.0,8.0,131.0
Telangana,Nizamabad Commissionerate,530.0,27.0,278.0,582.0,24.0,275.0,500.0,32.0,329.0,787.0,58.0,347.0,877.0,52.0,354.0
Telangana,Rachakonda Commissionerate,1782.0,69.0,946.0,1842.0,85.0,699.0,1708.0,85.0,1080.0,2246.0,64.0,1704.0,2740.0,76.0,1665.0
Telangana,Railway Police Secunderabad,1004.0,7.0,0.0,1091.0,5.0,0.0,1311.0,3.0,0.0,804.0,1.0,0.0,942.0,1.0,0.0
Telangana,Rajanna Siricilla,91.0,17.0,71.0,53.0,17.0,62.0,82.0,9.0,137.0,90.0,17.0,167.0,209.0,12.0,225.0
Telangana,Ramagundam Commissionerate,301.0,41.0,263.0,254.0,41.0,324.0,333.0,33.0,475.0,358.0,56.0,589.0,320.0,40.0,538.0
Telangana,Sangareddy,259.0,37.0,172.0,214.0,35.0,140.0,362.0,49.0,174.0,508.0,45.0,189.0,435.0,52.0,204.0
Telangana,Siddipet Commissionerate,147.0,25.0,208.0,186.0,18.0,215.0,342.0,11.0,241.0,424.0,23.0,291.0,506.0,18.0,302.0
Telangana,Suryapet,154.0,25.0,223.0,155.0,22.0,179.0,153.0,29.0,282.0,305.0,27.0,352.0,248.0,24.0,344.0
Telangana,Vikarabad,78.0,21.0,153.0,65.0,24.0,92.0,111.0,28.0,136.0,158.0,30.0,126.0,119.0,30.0,101.0
Telangana,Wanaparthy,142.0,15.0,70.0,193.0,6.0,39.0,155.0,15.0,59.0,138.0,13.0,63.0,159.0,11.0,63.0
Telangana,Warangal Commissionerate,269.0,51.0,387.0,387.0,47.0,270.0,347.0,45.0,469.0,558.0,41.0,577.0,571.0,48.0,658.0
Tripura,Dhalai,18.0,13.0,24.0,19.0,6.0,37.0,14.0,12.0,18.0,15.0,17.0,30.0,20.0,15.0,22.0
Tripura,GRP,3.0,0.0,0.0,10.0,0.0,0.0,6.0,1.0,0.0,6.0,0.0,0.0,8.0,0.0,0.0
Tripura,Gomati,35.0,12.0,51.0,41.0,15.0,44.0,48.0,17.0,68.0,35.0,7.0,69.0,28.0,8.0,51.0
Tripura,Kowai,10.0,14.0,24.0,10.0,12.0,10.0,20.0,17.0,17.0,12.0,11.0,8.0,2.0,11.0,20.0
Tripura,North,21.0,14.0,30.0,26.0,9.0,22.0,30.0,21.0,42.0,38.0,18.0,40.0,34.0,7.0,48.0
Tripura,Sipahijala,20.0,19.0,38.0,15.0,19.0,39.0,40.0,17.0,77.0,41.0,12.0,41.0,34.0,11.0,38.0
Tripura,South,20.0,13.0,52.0,22.0,20.0,51.0,34.0,20.0,69.0,8.0,15.0,37.0,18.0,10.0,28.0
Tripura,Unakoti,11.0,6.0,26.0,21.0,18.0,23.0,22.0,12.0,23.0,17.0,6.0,50.0,28.0,5.0,56.0
Tripura,West,134.0,33.0,103.0,208.0,38.0,77.0,288.0,27.0,137.0,132.0,23.0,63.0,107.0,34.0,56.0
Uttar Pradesh,Agra,3017.0,117.0,502.0,3024.0,124.0,556.0,2528.0,123.0,439.0,1961.0,80.0,775.0,1601.0,96.0,916.0
Uttar Pradesh,Aligarh,1542.0,134.0,377.0,1300.0,113.0,431.0,1018.0,111.0,634.0,1321.0,98.0,919.0,1625.0,75.0,632.0
Uttar Pradesh,Ambedkar Nagar,191.0,27.0,20.0,202.0,35.0,29.0,186.0,27.0,138.0,347.0,43.0,21.0,206.0,31.0,32.0
Uttar Pradesh,Amethi,274.0,33.0,82.0,253.0,34.0,122.0,261.0,41.0,138.0,246.0,35.0,134.0,220.0,36.0,141.0
Uttar Pradesh,Amroha,338.0,46.0,0.0,314.0,45.0,151.0,261.0,37.0,206.0,,,,286.0,21.0,235.0
Uttar Pradesh,Auraiya,247.0,51.0,180.0,257.0,43.0,193.0,193.0,45.0,160.0,286.0,29.0,263.0,203.0,23.0,284.0
Uttar Pradesh,Ayodhya,559.0,35.0,24.0,409.0,33.0,14.0,370.0,32.0,16.0,412.0,46.0,10.0,420.0,29.0,4.0
Uttar Pradesh,Azamgarh,513.0,65.0,172.0,441.0,40.0,145.0,423.0,55.0,159.0,510.0,46.0,353.0,615.0,39.0,481.0
Uttar Pradesh,Badaun,479.0,88.0,346.0,349.0,61.0,332.0,253.0,51.0,237.0,342.0,56.0,539.0,341.0,42.0,547.0
Uttar Pradesh,Baghpat,384.0,57.0,96.0,417.0,63.0,81.0,363.0,62.0,78.0,451.0,49.0,82.0,421.0,42.0,98.0
Uttar Pradesh,Bahraich,348.0,40.0,1.0,371.0,34.0,31.0,454.0,53.0,25.0,447.0,57.0,30.0,469.0,38.0,56.0
Uttar Pradesh,Ballia,507.0,34.0,122.0,366.0,26.0,99.0,235.0,17.0,100.0,360.0,40.0,167.0,345.0,25.0,144.0
Uttar Pradesh,Balrampur,89.0,21.0,4.0,69.0,21.0,3.0,94.0,19.0,5.0,133.0,23.0,24.0,225.0,15.0,24.0
Uttar Pradesh,Banda,209.0,36.0,78.0,156.0,34.0,77.0,127.0,44.0,101.0,230.0,57.0,198.0,173.0,53.0,258.0
Uttar Pradesh,Barabanki,293.0,55.0,123.0,316.0,48.0,316.0,328.0,50.0,291.0,188.0,43.0,35.0,166.0,34.0,38.0
Uttar Pradesh,Bareilly,1136.0,98.0,0.0,1085.0,96.0,42.0,1037.0,88.0,355.0,1133.0,86.0,1155.0,1288.0,83.0,0.0
Uttar Pradesh,Basti,248.0,42.0,159.0,171.0,21.0,137.0,175.0,22.0,134.0,231.0,32.0,0.0,190.0,25.0,26.0
Uttar Pradesh,Bhadohi,105.0,17.0,3.0,166.0,19.0,5.0,149.0,21.0,72.0,158.0,17.0,8.0,91.0,18.0,4.0
Uttar Pradesh,Bijnor,626.0,92.0,185.0,593.0,71.0,177.0,449.0,61.0,229.0,383.0,48.0,527.0,713.0,53.0,380.0
Uttar Pradesh,Bulandshahar,1242.0,139.0,394.0,988.0,102.0,493.0,918.0,109.0,580.0,1022.0,56.0,691.0,911.0,49.0,556.0
Uttar Pradesh,Chandoli,235.0,14.0,8.0,281.0,14.0,11.0,194.0,14.0,146.0,191.0,24.0,99.0,226.0,6.0,109.0
Uttar Pradesh,Chitrakoot,89.0,25.0,46.0,67.0,21.0,40.0,79.0,21.0,53.0,100.0,20.0,30.0,130.0,24.0,62.0
Uttar Pradesh,Deoria,247.0,31.0,39.0,226.0,44.0,48.0,240.0,47.0,16.0,232.0,27.0,19.0,288.0,28.0,12.0
Uttar Pradesh,Etah,495.0,57.0,115.0,484.0,49.0,149.0,388.0,40.0,139.0,276.0,31.0,81.0,234.0,27.0,81.0
Uttar Pradesh,Etawah,830.0,68.0,173.0,521.0,39.0,173.0,380.0,39.0,91.0,372.0,48.0,98.0,276.0,29.0,102.0
Uttar Pradesh,Fatehgarh,304.0,46.0,205.0,273.0,50.0,379.0,227.0,59.0,153.0,154.0,51.0,153.0,216.0,42.0,154.0
Uttar Pradesh,Fatehpur,339.0,48.0,100.0,259.0,37.0,62.0,249.0,35.0,136.0,309.0,32.0,182.0,244.0,25.0,222.0
Uttar Pradesh,Firozabad,825.0,77.0,182.0,698.0,78.0,132.0,631.0,70.0,281.0,861.0,89.0,419.0,627.0,68.0,579.0
Uttar Pradesh,GRP,7006.0,21.0,0.0,6479.0,18.0,0.0,4974.0,10.0,0.0,4387.0,16.0,0.0,4672.0,8.0,0.0
Uttar Pradesh,Gautambudh Nagar,3964.0,93.0,233.0,3699.0,84.0,297.0,4131.0,97.0,285.0,2492.0,53.0,293.0,2224.0,53.0,256.0
Uttar Pradesh,Ghaziabad,3902.0,116.0,575.0,4693.0,119.0,483.0,4123.0,97.0,480.0,4048.0,107.0,846.0,4247.0,110.0,825.0
Uttar Pradesh,Ghazipur,296.0,43.0,110.0,268.0,46.0,123.0,345.0,30.0,165.0,408.0,40.0,247.0,332.0,27.0,184.0
Uttar Pradesh,Gonda,254.0,36.0,12.0,277.0,30.0,43.0,181.0,25.0,26.0,268.0,30.0,29.0,334.0,45.0,34.0
Uttar Pradesh,Gorakhpur,1344.0,77.0,0.0,1317.0,81.0,56.0,1096.0,102.0,480.0,990.0,71.0,664.0,1062.0,64.0,865.0
Uttar Pradesh,Hamirpur,130.0,36.0,54.0,94.0,35.0,61.0,83.0,21.0,122.0,121.0,20.0,133.0,180.0,33.0,152.0
Uttar Pradesh,Hapur,646.0,39.0,76.0,510.0,46.0,76.0,481.0,43.0,146.0,463.0,33.0,289.0,417.0,34.0,198.0
Uttar Pradesh,Hardoi,400.0,58.0,188.0,362.0,61.0,416.0,281.0,63.0,342.0,225.0,41.0,173.0,194.0,47.0,250.0
Uttar Pradesh,Hathras,464.0,48.0,167.0,410.0,44.0,155.0,346.0,40.0,169.0,352.0,37.0,123.0,340.0,37.0,73.0
Uttar Pradesh,Jalaun,293.0,36.0,62.0,209.0,39.0,86.0,210.0,35.0,150.0,210.0,19.0,97.0,205.0,22.0,155.0
Uttar Pradesh,Jaunpur,582.0,66.0,86.0,595.0,68.0,82.0,681.0,61.0,164.0,449.0,48.0,170.0,373.0,51.0,218.0
Uttar Pradesh,Jhansi,443.0,54.0,152.0,373.0,46.0,187.0,383.0,37.0,261.0,280.0,35.0,260.0,286.0,35.0,274.0
Uttar Pradesh,Kannauj,211.0,32.0,151.0,191.0,37.0,0.0,144.0,27.0,172.0,225.0,58.0,471.0,169.0,46.0,464.0
Uttar Pradesh,Kanpur Commissionarate,,,,,,,,,,1235.0,81.0,1075.0,1266.0,97.0,1085.0
Uttar Pradesh,Kanpur Dehat,242.0,51.0,180.0,181.0,38.0,172.0,190.0,32.0,325.0,224.0,33.0,312.0,193.0,30.0,201.0
Uttar Pradesh,Kanpur Nagar,2020.0,97.0,792.0,1701.0,87.0,816.0,1380.0,80.0,913.0,,,,,,
Uttar Pradesh,Kanpur Outer,,,,,,,,,,0.0,0.0,0.0,,,
Uttar Pradesh,Kasganj,246.0,40.0,78.0,231.0,43.0,90.0,261.0,42.0,108.0,224.0,37.0,114.0,226.0,27.0,153.0
Uttar Pradesh,Kaushambi,245.0,32.0,121.0,195.0,24.0,97.0,178.0,35.0,75.0,159.0,34.0,68.0,172.0,45.0,91.0
Uttar Pradesh,Khiri,804.0,86.0,158.0,632.0,88.0,168.0,522.0,77.0,212.0,257.0,73.0,274.0,269.0,56.0,264.0
Uttar Pradesh,Kushi Nagar,274.0,45.0,54.0,361.0,40.0,32.0,306.0,31.0,58.0,397.0,39.0,98.0,427.0,49.0,172.0
Uttar Pradesh,Lalitpur,129.0,28.0,58.0,158.0,16.0,50.0,85.0,16.0,21.0,130.0,13.0,38.0,69.0,11.0,39.0
Uttar Pradesh,Lucknow,4974.0,116.0,1293.0,4209.0,114.0,1434.0,3183.0,108.0,1422.0,,,,,,
Uttar Pradesh,Lucknow Commissionarate,,,,,,,,,,2626.0,131.0,1038.0,2454.0,98.0,1318.0
Uttar Pradesh,Lucknow Grameen,,,,,,,,,,0.0,0.0,0.0,,,
Uttar Pradesh,Maharajganj,82.0,23.0,64.0,62.0,22.0,52.0,201.0,29.0,94.0,182.0,21.0,176.0,149.0,27.0,0.0
Uttar Pradesh,Mahoba,106.0,27.0,30.0,81.0,24.0,25.0,63.0,14.0,25.0,101.0,8.0,12.0,73.0,17.0,28.0
Uttar Pradesh,Mainpuri,576.0,83.0,126.0,371.0,72.0,158.0,373.0,58.0,101.0,334.0,40.0,189.0,285.0,28.0,212.0
Uttar Pradesh,Mathura,1451.0,92.0,208.0,1455.0,93.0,229.0,1352.0,84.0,479.0,1822.0,84.0,373.0,1471.0,77.0,365.0
Uttar Pradesh,Mau,253.0,25.0,110.0,177.0,24.0,17.0,215.0,22.0,177.0,287.0,25.0,20.0,319.0,21.0,6.0
Uttar Pradesh,Meerut,3051.0,162.0,601.0,2773.0,139.0,544.0,2681.0,123.0,599.0,1889.0,97.0,613.0,1494.0,92.0,557.0
Uttar Pradesh,Mirzapur,67.0,32.0,37.0,61.0,37.0,38.0,200.0,25.0,166.0,226.0,26.0,106.0,240.0,21.0,131.0
Uttar Pradesh,Moradabad,965.0,71.0,346.0,756.0,56.0,385.0,707.0,46.0,427.0,706.0,36.0,399.0,450.0,45.0,386.0
Uttar Pradesh,Muzaffarnagar,705.0,105.0,166.0,584.0,72.0,112.0,454.0,70.0,178.0,428.0,54.0,314.0,353.0,44.0,377.0
Uttar Pradesh,Pilibhit,261.0,40.0,200.0,221.0,38.0,275.0,241.0,46.0,253.0,212.0,67.0,353.0,213.0,35.0,305.0
Uttar Pradesh,Pratapgarh,573.0,56.0,147.0,546.0,56.0,235.0,457.0,73.0,325.0,555.0,84.0,536.0,501.0,72.0,394.0
Uttar Pradesh,Prayagraj,2255.0,107.0,487.0,2370.0,117.0,1014.0,2130.0,131.0,1070.0,1564.0,100.0,947.0,1541.0,91.0,731.0
Uttar Pradesh,Raibareilly,295.0,47.0,65.0,339.0,47.0,0.0,409.0,39.0,166.0,261.0,32.0,138.0,262.0,37.0,137.0
Uttar Pradesh,Rampur,435.0,30.0,0.0,360.0,39.0,0.0,203.0,33.0,334.0,299.0,35.0,14.0,287.0,45.0,11.0
Uttar Pradesh,Saharanpur,666.0,92.0,125.0,535.0,55.0,117.0,477.0,48.0,271.0,361.0,33.0,376.0,327.0,34.0,377.0
Uttar Pradesh,Sambhal,410.0,53.0,159.0,347.0,57.0,133.0,215.0,46.0,163.0,327.0,55.0,229.0,299.0,55.0,205.0
Uttar Pradesh,Sant Kabirnagar,102.0,27.0,55.0,144.0,15.0,79.0,109.0,14.0,67.0,126.0,22.0,69.0,133.0,13.0,77.0
Uttar Pradesh,Shahjahanpur,219.0,50.0,247.0,150.0,59.0,230.0,209.0,69.0,321.0,125.0,56.0,303.0,115.0,40.0,322.0
Uttar Pradesh,Shamli,394.0,46.0,123.0,261.0,33.0,119.0,255.0,32.0,101.0,308.0,24.0,252.0,274.0,22.0,231.0
Uttar Pradesh,Shrawasti,51.0,12.0,6.0,56.0,13.0,3.0,56.0,9.0,11.0,93.0,12.0,7.0,62.0,14.0,9.0
Uttar Pradesh,Sidharthnagar,94.0,17.0,6.0,105.0,18.0,5.0,92.0,9.0,53.0,131.0,20.0,13.0,120.0,14.0,164.0
Uttar Pradesh,Sitapur,772.0,71.0,230.0,623.0,112.0,252.0,655.0,91.0,514.0,264.0,64.0,293.0,227.0,81.0,396.0
Uttar Pradesh,Sonbhadra,166.0,28.0,4.0,148.0,36.0,6.0,152.0,43.0,81.0,188.0,42.0,79.0,154.0,40.0,102.0
Uttar Pradesh,Sultanpur,435.0,60.0,21.0,388.0,55.0,34.0,485.0,43.0,207.0,615.0,52.0,34.0,520.0,50.0,53.0
Uttar Pradesh,Unnao,410.0,77.0,232.0,394.0,83.0,280.0,368.0,57.0,285.0,316.0,45.0,217.0,357.0,48.0,293.0
Uttar Pradesh,Varanasi,1060.0,48.0,522.0,1106.0,47.0,539.0,1664.0,50.0,628.0,,,,,,
Uttar Pradesh,Varanasi Commissionarate,,,,,,,,,,1079.0,45.0,485.0,810.0,42.0,572.0
Uttar Pradesh,Vasanasi Dehat,,,,,,,,,,0.0,0.0,0.0,,,
Uttarakhand,Almora,3.0,4.0,0.0,13.0,3.0,5.0,8.0,1.0,2.0,22.0,2.0,6.0,18.0,4.0,11.0
Uttarakhand,Bageshwar,3.0,4.0,0.0,3.0,3.0,0.0,2.0,3.0,2.0,7.0,5.0,3.0,6.0,5.0,3.0
Uttarakhand,Chamoli,5.0,1.0,0.0,13.0,3.0,0.0,18.0,2.0,0.0,10.0,1.0,9.0,18.0,5.0,1.0
Uttarakhand,Champawat,8.0,1.0,3.0,3.0,5.0,0.0,9.0,3.0,3.0,16.0,4.0,4.0,23.0,5.0,9.0
Uttarakhand,Dehradun,422.0,21.0,137.0,414.0,35.0,216.0,377.0,23.0,226.0,668.0,34.0,362.0,621.0,32.0,382.0
Uttarakhand,Haridwar,822.0,68.0,105.0,769.0,68.0,201.0,597.0,55.0,135.0,945.0,39.0,201.0,1205.0,56.0,203.0
Uttarakhand,Nainital,152.0,16.0,40.0,128.0,16.0,49.0,149.0,25.0,65.0,248.0,22.0,78.0,221.0,15.0,110.0
Uttarakhand,Pauri Garhwal,44.0,7.0,13.0,35.0,6.0,18.0,26.0,7.0,11.0,54.0,14.0,23.0,38.0,3.0,15.0
Uttarakhand,Pithoragarh,9.0,2.0,4.0,10.0,5.0,11.0,13.0,9.0,4.0,20.0,4.0,6.0,31.0,9.0,13.0
Uttarakhand,Rudra Prayag,5.0,0.0,0.0,4.0,1.0,2.0,1.0,1.0,1.0,4.0,4.0,0.0,6.0,1.0,1.0
Uttarakhand,Tehri Garhwal,18.0,3.0,2.0,21.0,3.0,1.0,31.0,6.0,8.0,21.0,3.0,12.0,26.0,3.0,15.0
Uttarakhand,Udhamsingh Nagar,540.0,53.0,84.0,803.0,58.0,102.0,502.0,63.0,178.0,619.0,49.0,246.0,615.0,45.0,249.0
West Bengal,Alipurduar,333.0,46.0,218.0,258.0,47.0,160.0,258.0,47.0,160.0,159.0,49.0,313.0,222.0,32.0,333.0
West Bengal,Asansol-Durgapur PC,520.0,69.0,411.0,373.0,63.0,517.0,373.0,63.0,517.0,316.0,53.0,257.0,337.0,54.0,473.0
West Bengal,Bangaon,,,,,,,,,,99.0,17.0,609.0,112.0,21.0,479.0
West Bengal,Bankura,127.0,59.0,205.0,150.0,74.0,189.0,150.0,74.0,189.0,137.0,43.0,294.0,105.0,37.0,347.0
West Bengal,Barasat,,,,,,,,,,174.0,42.0,754.0,278.0,42.0,771.0
West Bengal,Barrackpur PC,983.0,54.0,1176.0,814.0,44.0,1338.0,814.0,44.0,1338.0,672.0,59.0,1352.0,474.0,52.0,1277.0
West Bengal,Baruipur Police,,,,,,,,,,305.0,96.0,1339.0,329.0,90.0,1097.0
West Bengal,Basirhat,,,,,,,,,,99.0,37.0,597.0,87.0,41.0,644.0
West Bengal,Bidhannagar PC,372.0,12.0,269.0,268.0,11.0,219.0,268.0,11.0,219.0,245.0,20.0,351.0,257.0,25.0,374.0
West Bengal,Birbhum,310.0,103.0,233.0,319.0,100.0,228.0,319.0,100.0,228.0,195.0,90.0,371.0,223.0,79.0,381.0
West Bengal,Chandannagar PC,,,,,,,,,,103.0,12.0,500.0,107.0,17.0,506.0
West Bengal,Coochbehar,336.0,58.0,572.0,248.0,58.0,337.0,248.0,58.0,337.0,214.0,42.0,582.0,215.0,78.0,436.0
West Bengal,Dakshin Dinajpur,96.0,22.0,178.0,90.0,42.0,67.0,90.0,42.0,67.0,117.0,40.0,163.0,119.0,43.0,218.0
West Bengal,Darjeeling,153.0,17.0,86.0,164.0,18.0,84.0,164.0,18.0,84.0,108.0,20.0,141.0,102.0,21.0,110.0
West Bengal,Diamond Harbour Police,,,,,,,,,,168.0,40.0,692.0,179.0,39.0,930.0
West Bengal,Hooghly Rural Police,569.0,70.0,594.0,390.0,64.0,535.0,390.0,64.0,535.0,272.0,40.0,588.0,309.0,37.0,606.0
West Bengal,Howrah GRP,196.0,12.0,0.0,378.0,10.0,0.0,378.0,10.0,0.0,118.0,4.0,0.0,278.0,3.0,0.0
West Bengal,Howrah PC,881.0,24.0,236.0,635.0,19.0,354.0,635.0,19.0,354.0,293.0,30.0,563.0,233.0,27.0,587.0
West Bengal,Howrah Rural,212.0,66.0,782.0,179.0,61.0,689.0,179.0,61.0,689.0,101.0,46.0,471.0,97.0,33.0,487.0
West Bengal,Islampur,,,,,,,,,,120.0,23.0,152.0,115.0,49.0,88.0
West Bengal,Jalpaiguri,247.0,55.0,145.0,181.0,38.0,125.0,181.0,38.0,125.0,255.0,37.0,291.0,239.0,42.0,233.0
West Bengal,Jangipur Police District,,,,,,,,,,99.0,25.0,608.0,118.0,27.0,618.0
West Bengal,Jhargram,49.0,31.0,73.0,53.0,23.0,72.0,53.0,23.0,72.0,68.0,27.0,96.0,55.0,22.0,130.0
West Bengal,Kalimpong,,,,,,,,,,35.0,7.0,17.0,65.0,5.0,21.0
West Bengal,Kharagpur GRP,376.0,6.0,2.0,367.0,5.0,1.0,367.0,5.0,1.0,151.0,8.0,0.0,234.0,4.0,0.0
West Bengal,Kolkata,3493.0,64.0,871.0,2608.0,55.0,946.0,2608.0,55.0,946.0,1197.0,34.0,860.0,958.0,43.0,864.0
West Bengal,Krishnagar,,,,,,,,,,196.0,74.0,682.0,224.0,77.0,625.0
West Bengal,Malda,560.0,59.0,266.0,438.0,29.0,883.0,438.0,29.0,883.0,414.0,97.0,707.0,442.0,71.0,714.0
West Bengal,Murshidabad,601.0,167.0,1573.0,398.0,173.0,1206.0,398.0,173.0,1206.0,,,,,,
West Bengal,Murshidabad Police District,,,,,,,,,,198.0,124.0,1394.0,249.0,131.0,1492.0
West Bengal,Nadia,611.0,132.0,898.0,636.0,105.0,883.0,636.0,105.0,883.0,,,,,,
West Bengal,Paschim Medinipur,792.0,107.0,449.0,724.0,106.0,447.0,724.0,106.0,447.0,743.0,110.0,569.0,514.0,96.0,425.0
West Bengal,Purab Medinipur,542.0,91.0,709.0,452.0,105.0,697.0,452.0,105.0,697.0,347.0,79.0,847.0,355.0,76.0,808.0
West Bengal,Purba Bardhaman,,,,,,,,,,227.0,69.0,1074.0,216.0,76.0,1110.0
West Bengal,Purulia,131.0,71.0,162.0,93.0,74.0,166.0,93.0,74.0,166.0,102.0,51.0,220.0,104.0,44.0,237.0
West Bengal,Raiganj,,,,,,,,,,165.0,22.0,192.0,178.0,25.0,232.0
West Bengal,Ranaghat,,,,,,,,,,98.0,36.0,707.0,225.0,41.0,712.0
West Bengal,Sealdah GRP,643.0,14.0,2.0,310.0,14.0,2.0,310.0,14.0,2.0,228.0,10.0,0.0,282.0,4.0,0.0
West Bengal,Siliguri GRP,126.0,1.0,0.0,83.0,2.0,0.0,83.0,2.0,0.0,125.0,8.0,0.0,226.0,5.0,1.0
West Bengal,Siliguri PC,859.0,29.0,625.0,752.0,28.0,575.0,752.0,28.0,575.0,467.0,24.0,503.0,360.0,31.0,515.0
West Bengal,Sundarban Police,,,,,,,,,,130.0,51.0,794.0,106.0,46.0,817.0
tar Dinajpur,Barasat,529.0,86.0,1342.0,560.0,86.0,1315.0,560.0,86.0,1315.0,,,,,,
tar Dinajpur,Baruipur Police,581.0,101.0,1500.0,405.0,105.0,1697.0,405.0,105.0,1697.0,,,,,,
tar Dinajpur,Basirhat,222.0,45.0,650.0,186.0,45.0,694.0,186.0,45.0,694.0,,,,,,
tar Dinajpur,Chandannagar PC,388.0,36.0,459.0,254.0,27.0,421.0,254.0,27.0,421.0,,,,,,
tar Dinajpur,Diamond Harbour Police,269.0,67.0,728.0,226.0,64.0,720.0,226.0,64.0,720.0,,,,,,
tar Dinajpur,Kalimpong,52.0,4.0,13.0,46.0,12.0,38.0,46.0,12.0,38.0,,,,,,
tar Dinajpur,Purba Bardhaman,387.0,87.0,471.0,316.0,103.0,471.0,316.0,103.0,471.0,,,,,,
tar Dinajpur,Sundarban Police,109.0,50.0,631.0,97.0,51.0,631.0,97.0,51.0,631.0,,,,,,
tara Kannada,Belagavi City,235.0,18.0,44.0,251.0,15.0,45.0,211.0,18.0,77.0,231.0,36.0,88.0,264.0,19.0,71.0
tara Kannada,Kalaburgi City,,,,,,,246.0,31.0,37.0,359.0,27.0,53.0,466.0,28.0,82.0
tara Kannada,Vijayanagara,,,,,,,,,,262.0,14.0,57.0,286.0,19.0,66.0
tara Kannada,Yadgiri,163.0,27.0,50.0,147.0,22.0,42.0,146.0,14.0,53.0,138.0,21.0,32.0,218.0,15.0,37.0
tarkashi,Cyber Cell,,,,,,,,,,0.0,0.0,0.0,0.0,0.0,0.0
tarkashi,GRP,90.0,0.0,0.0,120.0,1.0,0.0,88.0,0.0,0.0,145.0,0.0,0.0,157.0,0.0,0.0
